x-axis,1,2
second,Volt,Volt
-3.380000E-06,-25.288944831E-03,-13.492442667E-03
-3.375000E-06,-19.761306699E-03,-5.452241749E-03
-3.370000E-06,-25.288944831E-03,-12.989930110E-03
-3.365000E-06,-19.761306699E-03,-5.452241749E-03
-3.360000E-06,-17.248743912E-03,-13.492442667E-03
-3.355000E-06,-27.801507618E-03,-13.492442667E-03
-3.350000E-06,-10.716080666E-03,-21.030131029E-03
-3.345000E-06,-27.801507618E-03,-5.452241749E-03
-3.340000E-06,-10.716080666E-03,-21.532643586E-03
-3.335000E-06,-34.836683422E-03,-5.452241749E-03
-3.330000E-06,-9.208542993E-03,-13.492442667E-03
-3.325000E-06,-34.836683422E-03,-13.492442667E-03
-3.320000E-06,-10.716080666E-03,-13.492442667E-03
-3.315000E-06,-34.836683422E-03,-5.452241749E-03
-3.310000E-06,-10.716080666E-03,-21.532643586E-03
-3.305000E-06,-34.836683422E-03,-5.452241749E-03
-3.300000E-06,-11.721105780E-03,-13.492442667E-03
-3.295000E-06,-25.288944831E-03,-5.452241749E-03
-3.290000E-06,-19.761306699E-03,-13.492442667E-03
-3.285000E-06,-25.288944831E-03,-13.492442667E-03
-3.280000E-06,-27.801507618E-03,-5.452241749E-03
-3.275000E-06,-25.288944831E-03,-13.492442667E-03
-3.270000E-06,-27.801507618E-03,-13.492442667E-03
-3.265000E-06,-17.248743912E-03,-12.989930110E-03
-3.260000E-06,-27.801507618E-03,-5.452241749E-03
-3.255000E-06,-10.716080666E-03,-13.492442667E-03
-3.250000E-06,-34.836683422E-03,-5.452241749E-03
-3.245000E-06,-10.716080666E-03,-13.492442667E-03
-3.240000E-06,-34.836683422E-03,-5.452241749E-03
-3.235000E-06,-3.680904862E-03,-21.532643586E-03
-3.230000E-06,-34.836683422E-03,-5.452241749E-03
-3.225000E-06,-3.680904862E-03,-13.492442667E-03
-3.220000E-06,-33.329145750E-03,-12.989930110E-03
-3.215000E-06,-11.721105780E-03,-13.492442667E-03
-3.210000E-06,-25.288944831E-03,-12.989930110E-03
-3.205000E-06,-11.721105780E-03,-13.492442667E-03
-3.200000E-06,-25.288944831E-03,-12.989930110E-03
-3.195000E-06,-19.761306699E-03,-13.492442667E-03
-3.190000E-06,-18.756281585E-03,-13.492442667E-03
-3.185000E-06,-27.801507618E-03,-5.452241749E-03
-3.180000E-06,-17.248743912E-03,-13.492442667E-03
-3.175000E-06,-27.801507618E-03,-5.452241749E-03
-3.170000E-06,-10.716080666E-03,-13.492442667E-03
-3.165000E-06,-27.801507618E-03,-5.452241749E-03
-3.160000E-06,-18.756281585E-03,-13.492442667E-03
-3.155000E-06,-34.836683422E-03,-5.452241749E-03
-3.150000E-06,-2.675879747E-03,-13.492442667E-03
-3.145000E-06,-34.836683422E-03,-4.949729191E-03
-3.140000E-06,-10.716080666E-03,-13.492442667E-03
-3.135000E-06,-33.329145750E-03,-5.452241749E-03
-3.130000E-06,-11.721105780E-03,-13.492442667E-03
-3.125000E-06,-25.288944831E-03,-13.492442667E-03
-3.120000E-06,-11.721105780E-03,-13.492442667E-03
-3.115000E-06,-25.288944831E-03,-5.452241749E-03
-3.110000E-06,-19.761306699E-03,-5.452241749E-03
-3.105000E-06,-25.288944831E-03,-12.989930110E-03
-3.100000E-06,-19.761306699E-03,-5.452241749E-03
-3.095000E-06,-17.248743912E-03,-13.492442667E-03
-3.090000E-06,-26.796482503E-03,-5.452241749E-03
-3.085000E-06,-10.716080666E-03,-21.030131029E-03
-3.080000E-06,-34.836683422E-03,-5.452241749E-03
-3.075000E-06,-10.716080666E-03,-13.492442667E-03
-3.070000E-06,-34.836683422E-03,-5.452241749E-03
-3.065000E-06,-10.716080666E-03,-21.030131029E-03
-3.060000E-06,-34.836683422E-03,-5.452241749E-03
-3.055000E-06,-11.721105780E-03,-13.492442667E-03
-3.050000E-06,-34.836683422E-03,-5.452241749E-03
-3.045000E-06,-11.721105780E-03,-13.492442667E-03
-3.040000E-06,-33.329145750E-03,-12.989930110E-03
-3.035000E-06,-11.721105780E-03,-13.492442667E-03
-3.030000E-06,-25.288944831E-03,-13.492442667E-03
-3.025000E-06,-19.761306699E-03,-13.492442667E-03
-3.020000E-06,-25.288944831E-03,-12.989930110E-03
-3.015000E-06,-19.761306699E-03,-5.452241749E-03
-3.010000E-06,-17.248743912E-03,-13.492442667E-03
-3.005000E-06,-26.796482503E-03,-13.492442667E-03
-3.000000E-06,-17.248743912E-03,-21.030131029E-03
-2.995000E-06,-34.836683422E-03,-5.452241749E-03
-2.990000E-06,-10.716080666E-03,-21.030131029E-03
-2.985000E-06,-34.836683422E-03,+2.587959170E-03
-2.980000E-06,-10.716080666E-03,-13.492442667E-03
-2.975000E-06,-34.836683422E-03,-5.452241749E-03
-2.970000E-06,-10.716080666E-03,-21.532643586E-03
-2.965000E-06,-34.836683422E-03,-12.989930110E-03
-2.960000E-06,-11.721105780E-03,-13.492442667E-03
-2.955000E-06,-33.329145750E-03,-12.989930110E-03
-2.950000E-06,-11.721105780E-03,-13.492442667E-03
-2.945000E-06,-33.329145750E-03,-12.989930110E-03
-2.940000E-06,-11.721105780E-03,-13.492442667E-03
-2.935000E-06,-25.288944831E-03,-12.989930110E-03
-2.930000E-06,-19.761306699E-03,-5.452241749E-03
-2.925000E-06,-17.248743912E-03,-13.492442667E-03
-2.920000E-06,-19.761306699E-03,-5.452241749E-03
-2.915000E-06,-17.248743912E-03,-13.492442667E-03
-2.910000E-06,-27.801507618E-03,-5.452241749E-03
-2.905000E-06,-17.248743912E-03,-13.492442667E-03
-2.900000E-06,-27.801507618E-03,-5.452241749E-03
-2.895000E-06,-10.716080666E-03,-13.492442667E-03
-2.890000E-06,-26.796482503E-03,-5.452241749E-03
-2.885000E-06,-10.716080666E-03,-13.492442667E-03
-2.880000E-06,-34.836683422E-03,-5.452241749E-03
-2.875000E-06,-10.716080666E-03,-13.492442667E-03
-2.870000E-06,-26.796482503E-03,-5.452241749E-03
-2.865000E-06,-11.721105780E-03,-13.492442667E-03
-2.860000E-06,-25.288944831E-03,-13.492442667E-03
-2.855000E-06,-11.721105780E-03,-13.492442667E-03
-2.850000E-06,-25.288944831E-03,-13.492442667E-03
-2.845000E-06,-19.761306699E-03,-13.492442667E-03
-2.840000E-06,-25.288944831E-03,-12.989930110E-03
-2.835000E-06,-26.796482503E-03,-5.452241749E-03
-2.830000E-06,-17.248743912E-03,-13.492442667E-03
-2.825000E-06,-27.801507618E-03,-5.452241749E-03
-2.820000E-06,-9.208542993E-03,-13.492442667E-03
-2.815000E-06,-27.801507618E-03,+2.587959170E-03
-2.810000E-06,-10.716080666E-03,-21.030131029E-03
-2.805000E-06,-34.836683422E-03,-5.452241749E-03
-2.800000E-06,-11.721105780E-03,-13.492442667E-03
-2.795000E-06,-34.836683422E-03,-12.989930110E-03
-2.790000E-06,-3.680904862E-03,-13.492442667E-03
-2.785000E-06,-33.329145750E-03,-5.452241749E-03
-2.780000E-06,-3.680904862E-03,-13.492442667E-03
-2.775000E-06,-33.329145750E-03,-12.989930110E-03
-2.770000E-06,-18.756281585E-03,-13.492442667E-03
-2.765000E-06,-26.796482503E-03,-13.492442667E-03
-2.760000E-06,-19.761306699E-03,-13.492442667E-03
-2.755000E-06,-25.288944831E-03,-13.492442667E-03
-2.750000E-06,-19.761306699E-03,-5.452241749E-03
-2.745000E-06,-17.248743912E-03,-13.492442667E-03
-2.740000E-06,-27.801507618E-03,-5.452241749E-03
-2.735000E-06,-17.248743912E-03,-13.492442667E-03
-2.730000E-06,-34.836683422E-03,-5.452241749E-03
-2.725000E-06,-10.716080666E-03,-13.492442667E-03
-2.720000E-06,-34.836683422E-03,+2.587959170E-03
-2.715000E-06,-10.716080666E-03,-13.492442667E-03
-2.710000E-06,-34.836683422E-03,-5.452241749E-03
-2.705000E-06,-10.716080666E-03,-13.492442667E-03
-2.700000E-06,-34.836683422E-03,-5.452241749E-03
-2.695000E-06,-3.680904862E-03,-13.492442667E-03
-2.690000E-06,-33.329145750E-03,-5.452241749E-03
-2.685000E-06,-11.721105780E-03,-13.492442667E-03
-2.680000E-06,-33.329145750E-03,-5.452241749E-03
-2.675000E-06,-11.721105780E-03,-13.492442667E-03
-2.670000E-06,-25.288944831E-03,-13.492442667E-03
-2.665000E-06,-19.761306699E-03,-5.452241749E-03
-2.660000E-06,-17.248743912E-03,-13.492442667E-03
-2.655000E-06,-27.801507618E-03,-5.452241749E-03
-2.650000E-06,-17.248743912E-03,-13.492442667E-03
-2.645000E-06,-27.801507618E-03,-5.452241749E-03
-2.640000E-06,-10.716080666E-03,-21.030131029E-03
-2.635000E-06,-34.836683422E-03,-5.452241749E-03
-2.630000E-06,-10.716080666E-03,-21.532643586E-03
-2.625000E-06,-34.836683422E-03,-5.452241749E-03
-2.620000E-06,-3.680904862E-03,-13.492442667E-03
-2.615000E-06,-34.836683422E-03,-5.452241749E-03
-2.610000E-06,-10.716080666E-03,-13.492442667E-03
-2.605000E-06,-34.836683422E-03,-12.989930110E-03
-2.600000E-06,-11.721105780E-03,-13.492442667E-03
-2.595000E-06,-25.288944831E-03,-5.452241749E-03
-2.590000E-06,-11.721105780E-03,-13.492442667E-03
-2.585000E-06,-25.288944831E-03,-12.989930110E-03
-2.580000E-06,-19.761306699E-03,-13.492442667E-03
-2.575000E-06,-25.288944831E-03,-13.492442667E-03
-2.570000E-06,-27.801507618E-03,-5.452241749E-03
-2.565000E-06,-17.248743912E-03,-13.492442667E-03
-2.560000E-06,-27.801507618E-03,-5.452241749E-03
-2.555000E-06,-10.716080666E-03,-13.492442667E-03
-2.550000E-06,-27.801507618E-03,-5.452241749E-03
-2.545000E-06,-10.716080666E-03,-13.492442667E-03
-2.540000E-06,-34.836683422E-03,-5.452241749E-03
-2.535000E-06,-10.716080666E-03,-13.492442667E-03
-2.530000E-06,-34.836683422E-03,-5.452241749E-03
-2.525000E-06,-10.716080666E-03,-21.532643586E-03
-2.520000E-06,-34.836683422E-03,-5.452241749E-03
-2.515000E-06,-11.721105780E-03,-13.492442667E-03
-2.510000E-06,-33.329145750E-03,-5.452241749E-03
-2.505000E-06,-18.756281585E-03,-13.492442667E-03
-2.500000E-06,-25.288944831E-03,-12.989930110E-03
-2.495000E-06,-19.761306699E-03,-5.452241749E-03
-2.490000E-06,-25.288944831E-03,-13.492442667E-03
-2.485000E-06,-19.761306699E-03,-5.452241749E-03
-2.480000E-06,-17.248743912E-03,-13.492442667E-03
-2.475000E-06,-26.796482503E-03,-5.452241749E-03
-2.470000E-06,-17.248743912E-03,-13.492442667E-03
-2.465000E-06,-27.801507618E-03,-5.452241749E-03
-2.460000E-06,-9.208542993E-03,-21.532643586E-03
-2.455000E-06,-26.796482503E-03,-5.452241749E-03
-2.450000E-06,-10.716080666E-03,-21.532643586E-03
-2.445000E-06,-34.836683422E-03,-12.989930110E-03
-2.440000E-06,-10.716080666E-03,-13.492442667E-03
-2.435000E-06,-33.329145750E-03,-5.452241749E-03
-2.430000E-06,-11.721105780E-03,-13.492442667E-03
-2.425000E-06,-33.329145750E-03,-5.452241749E-03
-2.420000E-06,-11.721105780E-03,-13.492442667E-03
-2.415000E-06,-26.796482503E-03,-13.492442667E-03
-2.410000E-06,-19.761306699E-03,-5.452241749E-03
-2.405000E-06,-25.288944831E-03,-12.989930110E-03
-2.400000E-06,-27.801507618E-03,-5.452241749E-03
-2.395000E-06,-17.248743912E-03,-13.492442667E-03
-2.390000E-06,-27.801507618E-03,-5.452241749E-03
-2.385000E-06,-17.248743912E-03,-13.492442667E-03
-2.380000E-06,-34.836683422E-03,-5.452241749E-03
-2.375000E-06,-10.716080666E-03,-13.492442667E-03
-2.370000E-06,-34.836683422E-03,-5.452241749E-03
-2.365000E-06,-10.716080666E-03,-21.030131029E-03
-2.360000E-06,-34.836683422E-03,-5.452241749E-03
-2.355000E-06,-2.675879747E-03,-21.532643586E-03
-2.350000E-06,-33.329145750E-03,-12.989930110E-03
-2.345000E-06,-10.716080666E-03,-13.492442667E-03
-2.340000E-06,-33.329145750E-03,-5.452241749E-03
-2.335000E-06,-11.721105780E-03,-13.492442667E-03
-2.330000E-06,-26.796482503E-03,-5.452241749E-03
-2.325000E-06,-11.721105780E-03,-13.492442667E-03
-2.320000E-06,-25.288944831E-03,-13.492442667E-03
-2.315000E-06,-19.761306699E-03,-5.452241749E-03
-2.310000E-06,-18.756281585E-03,-13.492442667E-03
-2.305000E-06,-19.761306699E-03,-5.452241749E-03
-2.300000E-06,-17.248743912E-03,-21.030131029E-03
-2.295000E-06,-27.801507618E-03,-5.452241749E-03
-2.290000E-06,-9.208542993E-03,-13.492442667E-03
-2.285000E-06,-34.836683422E-03,-5.452241749E-03
-2.280000E-06,-10.716080666E-03,-13.492442667E-03
-2.275000E-06,-34.836683422E-03,-5.452241749E-03
-2.270000E-06,-2.675879747E-03,-13.492442667E-03
-2.265000E-06,-33.329145750E-03,-5.452241749E-03
-2.260000E-06,-10.716080666E-03,-13.492442667E-03
-2.255000E-06,-33.329145750E-03,-12.989930110E-03
-2.250000E-06,-11.721105780E-03,-13.492442667E-03
-2.245000E-06,-33.329145750E-03,-5.452241749E-03
-2.240000E-06,-19.761306699E-03,-13.492442667E-03
-2.235000E-06,-25.288944831E-03,-13.492442667E-03
-2.230000E-06,-19.761306699E-03,-13.492442667E-03
-2.225000E-06,-23.781407159E-03,-12.989930110E-03
-2.220000E-06,-19.761306699E-03,-5.452241749E-03
-2.215000E-06,-17.248743912E-03,-13.492442667E-03
-2.210000E-06,-26.796482503E-03,-5.452241749E-03
-2.205000E-06,-10.716080666E-03,-21.030131029E-03
-2.200000E-06,-34.836683422E-03,-5.452241749E-03
-2.195000E-06,-10.716080666E-03,-21.532643586E-03
-2.190000E-06,-34.836683422E-03,-5.452241749E-03
-2.185000E-06,-9.208542993E-03,-21.030131029E-03
-2.180000E-06,-34.836683422E-03,-5.452241749E-03
-2.175000E-06,-3.680904862E-03,-13.492442667E-03
-2.170000E-06,-33.329145750E-03,-12.989930110E-03
-2.165000E-06,-11.721105780E-03,-13.492442667E-03
-2.160000E-06,-33.329145750E-03,-5.452241749E-03
-2.155000E-06,-11.721105780E-03,-13.492442667E-03
-2.150000E-06,-26.796482503E-03,-12.989930110E-03
-2.145000E-06,-18.756281585E-03,-13.492442667E-03
-2.140000E-06,-25.288944831E-03,-13.492442667E-03
-2.135000E-06,-11.721105780E-03,-13.492442667E-03
-2.130000E-06,-17.248743912E-03,-13.492442667E-03
-2.125000E-06,-19.761306699E-03,-13.492442667E-03
-2.120000E-06,-17.248743912E-03,-13.492442667E-03
-2.115000E-06,-27.801507618E-03,-5.452241749E-03
-2.110000E-06,-9.208542993E-03,-21.532643586E-03
-2.105000E-06,-34.836683422E-03,-5.452241749E-03
-2.100000E-06,-2.675879747E-03,-13.492442667E-03
-2.095000E-06,-34.836683422E-03,-5.452241749E-03
-2.090000E-06,-3.680904862E-03,-13.492442667E-03
-2.085000E-06,-33.329145750E-03,-13.492442667E-03
-2.080000E-06,-10.716080666E-03,-13.492442667E-03
-2.075000E-06,-26.796482503E-03,-5.452241749E-03
-2.070000E-06,-10.716080666E-03,-13.492442667E-03
-2.065000E-06,-33.329145750E-03,-4.949729191E-03
-2.060000E-06,-19.761306699E-03,-5.452241749E-03
-2.055000E-06,-25.288944831E-03,-5.452241749E-03
-2.050000E-06,-19.761306699E-03,-5.452241749E-03
-2.045000E-06,-17.248743912E-03,-12.989930110E-03
-2.040000E-06,-19.761306699E-03,-5.452241749E-03
-2.035000E-06,-17.248743912E-03,-21.030131029E-03
-2.030000E-06,-27.801507618E-03,-5.452241749E-03
-2.025000E-06,-10.716080666E-03,-21.030131029E-03
-2.020000E-06,-34.836683422E-03,-5.452241749E-03
-2.015000E-06,-10.716080666E-03,-13.492442667E-03
-2.010000E-06,-34.836683422E-03,-5.452241749E-03
-2.005000E-06,-10.716080666E-03,-21.532643586E-03
-2.000000E-06,-34.836683422E-03,-5.452241749E-03
-1.995000E-06,-10.716080666E-03,-13.492442667E-03
-1.990000E-06,-26.796482503E-03,-12.989930110E-03
-1.985000E-06,-11.721105780E-03,-13.492442667E-03
-1.980000E-06,-25.288944831E-03,-12.989930110E-03
-1.975000E-06,-11.721105780E-03,-13.492442667E-03
-1.970000E-06,-25.288944831E-03,-12.989930110E-03
-1.965000E-06,-11.721105780E-03,-13.492442667E-03
-1.960000E-06,-17.248743912E-03,-13.492442667E-03
-1.955000E-06,-19.761306699E-03,-5.452241749E-03
-1.950000E-06,-10.716080666E-03,-21.030131029E-03
-1.945000E-06,-26.796482503E-03,-5.452241749E-03
-1.940000E-06,-10.716080666E-03,-21.030131029E-03
-1.935000E-06,-34.836683422E-03,-5.452241749E-03
-1.930000E-06,-10.716080666E-03,-21.030131029E-03
-1.925000E-06,-26.796482503E-03,-13.492442667E-03
-1.920000E-06,-10.716080666E-03,-13.492442667E-03
-1.915000E-06,-34.836683422E-03,-5.452241749E-03
-1.910000E-06,-10.716080666E-03,-13.492442667E-03
-1.905000E-06,-33.329145750E-03,-4.949729191E-03
-1.900000E-06,-3.680904862E-03,-13.492442667E-03
-1.895000E-06,-26.796482503E-03,-5.452241749E-03
-1.890000E-06,-10.716080666E-03,-13.492442667E-03
-1.885000E-06,-25.288944831E-03,-13.492442667E-03
-1.880000E-06,-19.761306699E-03,-5.452241749E-03
-1.875000E-06,-25.288944831E-03,-13.492442667E-03
-1.870000E-06,-19.761306699E-03,-5.452241749E-03
-1.865000E-06,-17.248743912E-03,-13.492442667E-03
-1.860000E-06,-27.801507618E-03,-5.452241749E-03
-1.855000E-06,-9.208542993E-03,-13.492442667E-03
-1.850000E-06,-26.796482503E-03,-13.492442667E-03
-1.845000E-06,-10.716080666E-03,-21.030131029E-03
-1.840000E-06,-34.836683422E-03,-5.452241749E-03
-1.835000E-06,-10.716080666E-03,-13.492442667E-03
-1.830000E-06,-34.836683422E-03,-5.452241749E-03
-1.825000E-06,-10.716080666E-03,-13.492442667E-03
-1.820000E-06,-33.329145750E-03,-13.492442667E-03
-1.815000E-06,-10.716080666E-03,-13.492442667E-03
-1.810000E-06,-33.329145750E-03,-13.492442667E-03
-1.805000E-06,-11.721105780E-03,-13.492442667E-03
-1.800000E-06,-26.796482503E-03,-12.989930110E-03
-1.795000E-06,-18.756281585E-03,-13.492442667E-03
-1.790000E-06,-25.288944831E-03,-13.492442667E-03
-1.785000E-06,-19.761306699E-03,-5.452241749E-03
-1.780000E-06,-17.248743912E-03,-13.492442667E-03
-1.775000E-06,-19.761306699E-03,-5.452241749E-03
-1.770000E-06,-23.781407159E-03,-13.492442667E-03
-1.765000E-06,-27.801507618E-03,-5.452241749E-03
-1.760000E-06,-10.716080666E-03,-13.492442667E-03
-1.755000E-06,-27.801507618E-03,-5.452241749E-03
-1.750000E-06,-9.208542993E-03,-13.492442667E-03
-1.745000E-06,-34.836683422E-03,-5.452241749E-03
-1.740000E-06,-10.716080666E-03,-21.532643586E-03
-1.735000E-06,-34.836683422E-03,-5.452241749E-03
-1.730000E-06,-10.716080666E-03,-21.532643586E-03
-1.725000E-06,-33.329145750E-03,-5.452241749E-03
-1.720000E-06,-10.716080666E-03,-13.492442667E-03
-1.715000E-06,-26.796482503E-03,-12.989930110E-03
-1.710000E-06,-11.721105780E-03,-13.492442667E-03
-1.705000E-06,-25.288944831E-03,-12.989930110E-03
-1.700000E-06,-19.761306699E-03,-5.452241749E-03
-1.695000E-06,-17.248743912E-03,-13.492442667E-03
-1.690000E-06,-21.268844372E-03,-13.492442667E-03
-1.685000E-06,-10.716080666E-03,-21.030131029E-03
-1.680000E-06,-27.801507618E-03,+2.587959170E-03
-1.675000E-06,-10.716080666E-03,-13.492442667E-03
-1.670000E-06,-34.836683422E-03,-5.452241749E-03
-1.665000E-06,-10.716080666E-03,-13.492442667E-03
-1.660000E-06,-34.836683422E-03,-5.452241749E-03
-1.655000E-06,-10.716080666E-03,-13.492442667E-03
-1.650000E-06,-33.329145750E-03,-5.452241749E-03
-1.645000E-06,-10.716080666E-03,-13.492442667E-03
-1.640000E-06,-33.329145750E-03,-5.452241749E-03
-1.635000E-06,-10.716080666E-03,-13.492442667E-03
-1.630000E-06,-33.329145750E-03,-12.989930110E-03
-1.625000E-06,-11.721105780E-03,-13.492442667E-03
-1.620000E-06,-25.288944831E-03,-12.989930110E-03
-1.615000E-06,-19.761306699E-03,-5.452241749E-03
-1.610000E-06,-25.288944831E-03,-13.492442667E-03
-1.605000E-06,-27.801507618E-03,-5.452241749E-03
-1.600000E-06,-17.248743912E-03,-12.989930110E-03
-1.595000E-06,-27.801507618E-03,-5.452241749E-03
-1.590000E-06,-17.248743912E-03,-13.492442667E-03
-1.585000E-06,-27.801507618E-03,-5.452241749E-03
-1.580000E-06,-2.675879747E-03,-13.492442667E-03
-1.575000E-06,-34.836683422E-03,-5.452241749E-03
-1.570000E-06,-10.716080666E-03,-13.492442667E-03
-1.565000E-06,-34.836683422E-03,-5.452241749E-03
-1.560000E-06,-10.716080666E-03,-13.492442667E-03
-1.555000E-06,-33.329145750E-03,-5.452241749E-03
-1.550000E-06,-10.716080666E-03,-13.492442667E-03
-1.545000E-06,-33.329145750E-03,-12.989930110E-03
-1.540000E-06,-11.721105780E-03,-13.492442667E-03
-1.535000E-06,-25.288944831E-03,-12.989930110E-03
-1.530000E-06,-19.761306699E-03,-13.492442667E-03
-1.525000E-06,-25.288944831E-03,-13.492442667E-03
-1.520000E-06,-19.761306699E-03,-5.452241749E-03
-1.515000E-06,-17.248743912E-03,-13.492442667E-03
-1.510000E-06,-26.796482503E-03,-5.452241749E-03
-1.505000E-06,-17.248743912E-03,-13.492442667E-03
-1.500000E-06,-34.836683422E-03,-5.452241749E-03
-1.495000E-06,-10.716080666E-03,-21.532643586E-03
-1.490000E-06,-34.836683422E-03,-5.452241749E-03
-1.485000E-06,-10.716080666E-03,-21.532643586E-03
-1.480000E-06,-34.836683422E-03,-5.452241749E-03
-1.475000E-06,-10.716080666E-03,-13.492442667E-03
-1.470000E-06,-33.329145750E-03,-5.452241749E-03
-1.465000E-06,-10.716080666E-03,-13.492442667E-03
-1.460000E-06,-33.329145750E-03,-12.989930110E-03
-1.455000E-06,-11.721105780E-03,-13.492442667E-03
-1.450000E-06,-33.329145750E-03,-12.989930110E-03
-1.445000E-06,-19.761306699E-03,-13.492442667E-03
-1.440000E-06,-25.288944831E-03,-5.452241749E-03
-1.435000E-06,-19.761306699E-03,-13.492442667E-03
-1.430000E-06,-17.248743912E-03,-12.989930110E-03
-1.425000E-06,-27.801507618E-03,-5.452241749E-03
-1.420000E-06,-17.248743912E-03,-13.492442667E-03
-1.415000E-06,-27.801507618E-03,-5.452241749E-03
-1.410000E-06,-10.716080666E-03,-13.492442667E-03
-1.405000E-06,-26.796482503E-03,-5.452241749E-03
-1.400000E-06,-10.716080666E-03,-13.492442667E-03
-1.395000E-06,-34.836683422E-03,-5.452241749E-03
-1.390000E-06,-10.716080666E-03,-13.492442667E-03
-1.385000E-06,-33.329145750E-03,-5.452241749E-03
-1.380000E-06,-10.716080666E-03,-13.492442667E-03
-1.375000E-06,-33.329145750E-03,-5.452241749E-03
-1.370000E-06,-11.721105780E-03,-13.492442667E-03
-1.365000E-06,-33.329145750E-03,-12.989930110E-03
-1.360000E-06,-18.756281585E-03,-13.492442667E-03
-1.355000E-06,-25.288944831E-03,-12.989930110E-03
-1.350000E-06,-19.761306699E-03,-5.452241749E-03
-1.345000E-06,-17.248743912E-03,-13.492442667E-03
-1.340000E-06,-26.796482503E-03,-5.452241749E-03
-1.335000E-06,-17.248743912E-03,-13.492442667E-03
-1.330000E-06,-26.796482503E-03,-5.452241749E-03
-1.325000E-06,-10.716080666E-03,-13.492442667E-03
-1.320000E-06,-34.836683422E-03,-5.452241749E-03
-1.315000E-06,-10.716080666E-03,-13.492442667E-03
-1.310000E-06,-34.836683422E-03,-5.452241749E-03
-1.305000E-06,-10.716080666E-03,-13.492442667E-03
-1.300000E-06,-34.836683422E-03,-5.452241749E-03
-1.295000E-06,-3.680904862E-03,-13.492442667E-03
-1.290000E-06,-33.329145750E-03,-5.452241749E-03
-1.285000E-06,-11.721105780E-03,-13.492442667E-03
-1.280000E-06,-33.329145750E-03,-5.452241749E-03
-1.275000E-06,-11.721105780E-03,-13.492442667E-03
-1.270000E-06,-25.288944831E-03,-13.492442667E-03
-1.265000E-06,-19.761306699E-03,-5.452241749E-03
-1.260000E-06,-25.288944831E-03,-12.989930110E-03
-1.255000E-06,-19.761306699E-03,-5.452241749E-03
-1.250000E-06,-17.248743912E-03,-12.989930110E-03
-1.245000E-06,-27.801507618E-03,-5.452241749E-03
-1.240000E-06,-17.248743912E-03,-13.492442667E-03
-1.235000E-06,-27.801507618E-03,-5.452241749E-03
-1.230000E-06,-10.716080666E-03,-13.492442667E-03
-1.225000E-06,-34.836683422E-03,-5.452241749E-03
-1.220000E-06,-10.716080666E-03,-13.492442667E-03
-1.215000E-06,-34.836683422E-03,-5.452241749E-03
-1.210000E-06,-10.716080666E-03,-21.532643586E-03
-1.205000E-06,-34.836683422E-03,-5.452241749E-03
-1.200000E-06,-10.716080666E-03,-13.492442667E-03
-1.195000E-06,-26.796482503E-03,-5.452241749E-03
-1.190000E-06,-11.721105780E-03,-13.492442667E-03
-1.185000E-06,-31.821608078E-03,-12.989930110E-03
-1.180000E-06,-11.721105780E-03,-5.452241749E-03
-1.175000E-06,-25.288944831E-03,-5.452241749E-03
-1.170000E-06,-19.761306699E-03,-13.492442667E-03
-1.165000E-06,-17.248743912E-03,-13.492442667E-03
-1.160000E-06,-26.796482503E-03,-5.452241749E-03
-1.155000E-06,-9.208542993E-03,-13.492442667E-03
-1.150000E-06,-26.796482503E-03,-5.452241749E-03
-1.145000E-06,-9.208542993E-03,-13.492442667E-03
-1.140000E-06,-34.836683422E-03,-5.452241749E-03
-1.135000E-06,-10.716080666E-03,-13.492442667E-03
-1.130000E-06,-34.836683422E-03,-5.452241749E-03
-1.125000E-06,-3.680904862E-03,-13.492442667E-03
-1.120000E-06,-34.836683422E-03,-5.452241749E-03
-1.115000E-06,+4.359296057E-03,-13.492442667E-03
-1.110000E-06,+20.439697895E-03,-5.452241749E-03
-1.105000E-06,+107.374370331E-03,-12.989930110E-03
-1.100000E-06,+173.203515355E-03,+2.587959170E-03
-1.095000E-06,+258.630650118E-03,-5.452241749E-03
-1.090000E-06,+310.891956091E-03,-5.452241749E-03
-1.085000E-06,+356.620598817E-03,-5.452241749E-03
-1.080000E-06,+399.334166199E-03,-12.989930110E-03
-1.075000E-06,+422.449743841E-03,-5.452241749E-03
-1.070000E-06,+455.615572631E-03,-13.492442667E-03
-1.065000E-06,+462.650748435E-03,-5.452241749E-03
-1.060000E-06,+489.283913979E-03,-13.492442667E-03
-1.055000E-06,+486.771351192E-03,-5.452241749E-03
-1.050000E-06,+511.896979064E-03,-13.492442667E-03
-1.045000E-06,+502.851753030E-03,-5.452241749E-03
-1.040000E-06,+527.977380902E-03,-13.492442667E-03
-1.035000E-06,+511.896979064E-03,-5.452241749E-03
-1.030000E-06,+543.052757625E-03,-13.492442667E-03
-1.025000E-06,+519.937179983E-03,-5.452241749E-03
-1.020000E-06,+536.017581820E-03,-13.492442667E-03
-1.015000E-06,+527.977380902E-03,-5.452241749E-03
-1.010000E-06,+536.017581820E-03,-13.492442667E-03
-1.005000E-06,+529.484918574E-03,-12.989930110E-03
-1.000000E-06,+543.052757625E-03,-5.452241749E-03
-995.000E-09,+537.525119493E-03,-12.989930110E-03
-990.000E-09,+536.017581820E-03,-5.452241749E-03
-985.000E-09,+537.525119493E-03,-12.989930110E-03
-980.000E-09,+535.012556706E-03,-5.452241749E-03
-975.000E-09,+544.057782739E-03,-13.492442667E-03
-970.000E-09,+527.977380902E-03,-5.452241749E-03
-965.000E-09,+552.097983658E-03,-21.030131029E-03
-960.000E-09,+527.977380902E-03,-5.452241749E-03
-955.000E-09,+552.097983658E-03,-13.492442667E-03
-950.000E-09,+527.977380902E-03,-5.452241749E-03
-945.000E-09,+551.092958543E-03,-13.492442667E-03
-940.000E-09,+529.484918574E-03,-5.452241749E-03
-935.000E-09,+551.092958543E-03,-13.492442667E-03
-930.000E-09,+529.484918574E-03,-12.989930110E-03
-925.000E-09,+543.052757625E-03,-13.492442667E-03
-920.000E-09,+529.484918574E-03,-5.452241749E-03
-915.000E-09,+543.052757625E-03,-5.452241749E-03
-910.000E-09,+536.017581820E-03,-5.452241749E-03
-905.000E-09,+535.012556706E-03,+2.587959170E-03
-900.000E-09,+545.565320412E-03,-4.949729191E-03
-895.000E-09,+535.012556706E-03,+2.587959170E-03
-890.000E-09,+545.565320412E-03,-5.452241749E-03
-885.000E-09,+527.977380902E-03,-5.452241749E-03
-880.000E-09,+552.097983658E-03,-12.989930110E-03
-875.000E-09,+527.977380902E-03,+2.587959170E-03
-870.000E-09,+552.097983658E-03,-13.492442667E-03
-865.000E-09,+527.977380902E-03,-5.452241749E-03
-860.000E-09,+552.097983658E-03,-13.492442667E-03
-855.000E-09,+527.977380902E-03,-5.452241749E-03
-850.000E-09,+552.097983658E-03,-13.492442667E-03
-845.000E-09,+529.484918574E-03,-12.989930110E-03
-840.000E-09,+549.585420871E-03,-13.492442667E-03
-835.000E-09,+529.484918574E-03,-13.492442667E-03
-830.000E-09,+543.052757625E-03,-13.492442667E-03
-825.000E-09,+537.525119493E-03,-13.492442667E-03
-820.000E-09,+543.052757625E-03,-13.492442667E-03
-815.000E-09,+537.525119493E-03,-13.492442667E-03
-810.000E-09,+535.012556706E-03,-5.452241749E-03
-805.000E-09,+545.565320412E-03,-13.492442667E-03
-800.000E-09,+527.977380902E-03,-5.452241749E-03
-795.000E-09,+545.565320412E-03,-21.030131029E-03
-790.000E-09,+527.977380902E-03,-5.452241749E-03
-785.000E-09,+544.057782739E-03,-13.492442667E-03
-780.000E-09,+527.977380902E-03,-5.452241749E-03
-775.000E-09,+552.097983658E-03,-13.492442667E-03
-770.000E-09,+527.977380902E-03,-5.452241749E-03
-765.000E-09,+552.097983658E-03,-13.492442667E-03
-760.000E-09,+529.484918574E-03,-5.452241749E-03
-755.000E-09,+551.092958543E-03,-13.492442667E-03
-750.000E-09,+529.484918574E-03,-5.452241749E-03
-745.000E-09,+543.052757625E-03,-13.492442667E-03
-740.000E-09,+537.525119493E-03,-13.492442667E-03
-735.000E-09,+543.052757625E-03,-5.452241749E-03
-730.000E-09,+537.525119493E-03,-13.492442667E-03
-725.000E-09,+535.012556706E-03,-5.452241749E-03
-720.000E-09,+544.057782739E-03,-13.492442667E-03
-715.000E-09,+527.977380902E-03,-5.452241749E-03
-710.000E-09,+545.565320412E-03,-21.030131029E-03
-705.000E-09,+527.977380902E-03,-5.452241749E-03
-700.000E-09,+552.097983658E-03,-13.492442667E-03
-695.000E-09,+527.977380902E-03,-5.452241749E-03
-690.000E-09,+552.097983658E-03,-5.452241749E-03
-685.000E-09,+527.977380902E-03,-4.949729191E-03
-680.000E-09,+544.057782739E-03,-5.452241749E-03
-675.000E-09,+529.484918574E-03,-4.949729191E-03
-670.000E-09,+551.092958543E-03,-5.452241749E-03
-665.000E-09,+529.484918574E-03,-4.949729191E-03
-660.000E-09,+551.092958543E-03,-5.452241749E-03
-655.000E-09,+529.484918574E-03,-5.452241749E-03
-650.000E-09,+543.052757625E-03,-5.452241749E-03
-645.000E-09,+545.565320412E-03,-13.492442667E-03
-640.000E-09,+543.052757625E-03,-5.452241749E-03
-635.000E-09,+545.565320412E-03,-12.989930110E-03
-630.000E-09,+536.017581820E-03,-5.452241749E-03
-625.000E-09,+545.565320412E-03,-13.492442667E-03
-620.000E-09,+536.017581820E-03,-5.452241749E-03
-615.000E-09,+545.565320412E-03,-13.492442667E-03
-610.000E-09,+527.977380902E-03,-13.492442667E-03
-605.000E-09,+552.097983658E-03,-13.492442667E-03
-600.000E-09,+527.977380902E-03,-5.452241749E-03
-595.000E-09,+544.057782739E-03,-13.492442667E-03
-590.000E-09,+527.977380902E-03,-12.989930110E-03
-585.000E-09,+544.057782739E-03,-13.492442667E-03
-580.000E-09,+529.484918574E-03,-5.452241749E-03
-575.000E-09,+544.057782739E-03,-5.452241749E-03
-570.000E-09,+529.484918574E-03,-12.989930110E-03
-565.000E-09,+551.092958543E-03,-5.452241749E-03
-560.000E-09,+537.525119493E-03,-12.989930110E-03
-555.000E-09,+543.052757625E-03,-5.452241749E-03
-550.000E-09,+545.565320412E-03,-21.030131029E-03
-545.000E-09,+536.017581820E-03,-5.452241749E-03
-540.000E-09,+545.565320412E-03,-21.532643586E-03
-535.000E-09,+535.012556706E-03,-13.492442667E-03
-530.000E-09,+552.097983658E-03,-21.532643586E-03
-525.000E-09,+527.977380902E-03,-13.492442667E-03
-520.000E-09,+552.097983658E-03,-21.532643586E-03
-515.000E-09,+527.977380902E-03,-12.989930110E-03
-510.000E-09,+552.097983658E-03,-21.532643586E-03
-505.000E-09,+527.977380902E-03,-5.452241749E-03
-500.000E-09,+552.097983658E-03,-13.492442667E-03
-495.000E-09,+536.017581820E-03,-5.452241749E-03
-490.000E-09,+551.092958543E-03,-5.452241749E-03
-485.000E-09,+529.484918574E-03,-4.949729191E-03
-480.000E-09,+543.052757625E-03,-5.452241749E-03
-475.000E-09,+537.525119493E-03,-4.949729191E-03
-470.000E-09,+543.052757625E-03,-5.452241749E-03
-465.000E-09,+537.525119493E-03,-4.949729191E-03
-460.000E-09,+536.017581820E-03,+2.587959170E-03
-455.000E-09,+544.057782739E-03,-5.452241749E-03
-450.000E-09,+535.012556706E-03,+2.587959170E-03
-445.000E-09,+545.565320412E-03,-13.492442667E-03
-440.000E-09,+527.977380902E-03,+2.587959170E-03
-435.000E-09,+552.097983658E-03,-5.452241749E-03
-430.000E-09,+527.977380902E-03,-5.452241749E-03
-425.000E-09,+552.097983658E-03,-5.452241749E-03
-420.000E-09,+527.977380902E-03,-5.452241749E-03
-415.000E-09,+551.092958543E-03,-13.492442667E-03
-410.000E-09,+521.444717655E-03,-5.452241749E-03
-405.000E-09,+551.092958543E-03,-13.492442667E-03
-400.000E-09,+529.484918574E-03,-5.452241749E-03
-395.000E-09,+551.092958543E-03,-13.492442667E-03
-390.000E-09,+537.525119493E-03,-13.492442667E-03
-385.000E-09,+543.052757625E-03,-13.492442667E-03
-380.000E-09,+537.525119493E-03,-12.989930110E-03
-375.000E-09,+535.012556706E-03,-5.452241749E-03
-370.000E-09,+545.565320412E-03,-13.492442667E-03
-365.000E-09,+536.017581820E-03,-13.492442667E-03
-360.000E-09,+545.565320412E-03,-13.492442667E-03
-355.000E-09,+535.012556706E-03,-5.452241749E-03
-350.000E-09,+552.097983658E-03,-13.492442667E-03
-345.000E-09,+527.977380902E-03,-5.452241749E-03
-340.000E-09,+552.097983658E-03,-13.492442667E-03
-335.000E-09,+527.977380902E-03,-5.452241749E-03
-330.000E-09,+552.097983658E-03,-13.492442667E-03
-325.000E-09,+529.484918574E-03,-13.492442667E-03
-320.000E-09,+551.092958543E-03,-13.492442667E-03
-315.000E-09,+529.484918574E-03,-13.492442667E-03
-310.000E-09,+544.057782739E-03,-13.492442667E-03
-305.000E-09,+537.525119493E-03,-13.492442667E-03
-300.000E-09,+543.052757625E-03,-21.532643586E-03
-295.000E-09,+537.525119493E-03,-21.532643586E-03
-290.000E-09,+536.017581820E-03,-21.532643586E-03
-285.000E-09,+545.565320412E-03,-21.532643586E-03
-280.000E-09,+535.012556706E-03,-5.452241749E-03
-275.000E-09,+552.097983658E-03,-13.492442667E-03
-270.000E-09,+535.012556706E-03,-5.452241749E-03
-265.000E-09,+552.097983658E-03,-13.492442667E-03
-260.000E-09,+527.977380902E-03,+2.587959170E-03
-255.000E-09,+552.097983658E-03,-5.452241749E-03
-250.000E-09,+527.977380902E-03,+3.090471728E-03
-245.000E-09,+552.097983658E-03,+2.587959170E-03
-240.000E-09,+529.484918574E-03,+10.628160089E-03
-235.000E-09,+552.097983658E-03,+2.587959170E-03
-230.000E-09,+537.525119493E-03,+10.628160089E-03
-225.000E-09,+551.092958543E-03,+2.587959170E-03
-220.000E-09,+536.017581820E-03,+2.587959170E-03
-215.000E-09,+551.092958543E-03,+2.587959170E-03
-210.000E-09,+537.525119493E-03,-4.949729191E-03
-205.000E-09,+543.052757625E-03,-5.452241749E-03
-200.000E-09,+545.565320412E-03,-12.989930110E-03
-195.000E-09,+535.012556706E-03,-5.452241749E-03
-190.000E-09,+544.057782739E-03,-13.492442667E-03
-185.000E-09,+527.977380902E-03,-5.452241749E-03
-180.000E-09,+544.057782739E-03,-13.492442667E-03
-175.000E-09,+527.977380902E-03,-5.452241749E-03
-170.000E-09,+552.097983658E-03,-13.492442667E-03
-165.000E-09,+527.977380902E-03,-5.452241749E-03
-160.000E-09,+551.092958543E-03,-13.492442667E-03
-155.000E-09,+529.484918574E-03,-5.452241749E-03
-150.000E-09,+551.092958543E-03,-13.492442667E-03
-145.000E-09,+527.977380902E-03,-5.452241749E-03
-140.000E-09,+551.092958543E-03,-13.492442667E-03
-135.000E-09,+536.017581820E-03,-5.452241749E-03
-130.000E-09,+551.092958543E-03,-5.452241749E-03
-125.000E-09,+537.525119493E-03,-13.492442667E-03
-120.000E-09,+543.052757625E-03,-5.452241749E-03
-115.000E-09,+522.952255327E-03,-13.492442667E-03
-110.000E-09,+481.243713060E-03,-5.452241749E-03
-105.000E-09,+418.429643381E-03,-21.030131029E-03
-100.000E-09,+328.479895601E-03,-5.452241749E-03
-95.000E-09,+273.706026841E-03,-21.532643586E-03
-90.000E-09,+191.796479980E-03,-5.452241749E-03
-85.000E-09,+167.675877223E-03,-21.030131029E-03
-80.000E-09,+103.354269871E-03,-5.452241749E-03
-75.000E-09,+103.354269871E-03,-21.532643586E-03
-70.000E-09,+61.645727605E-03,-29.572844505E-03
-65.000E-09,+61.645727605E-03,-45.653246343E-03
-60.000E-09,+30.992461601E-03,-37.613045424E-03
-55.000E-09,+37.525124848E-03,-45.653246343E-03
-50.000E-09,+14.912059763E-03,-29.070331948E-03
-45.000E-09,+13.404522091E-03,-4.949729191E-03
-40.000E-09,-1.168342074E-03,+27.211074485E-03
-35.000E-09,+4.359296057E-03,+83.492480917E-03
-30.000E-09,-1.168342074E-03,+131.733686430E-03
-25.000E-09,-10.716080666E-03,+204.095494701E-03
-20.000E-09,-1.168342074E-03,+276.457302971E-03
-15.000E-09,-11.721105780E-03,+356.859312160E-03
-10.000E-09,-9.208542993E-03,+421.180919511E-03
-5.000E-09,-19.761306699E-03,+501.080416143E-03
-0.0E+00,-9.208542993E-03,+557.361822575E-03
+5.000E-09,-26.796482503E-03,+637.763831764E-03
+10.000E-09,-2.675879747E-03,+686.005037278E-03
+15.000E-09,-26.796482503E-03,+750.326644629E-03
+20.000E-09,-3.680904862E-03,+790.527649224E-03
+25.000E-09,-26.796482503E-03,+838.768854737E-03
+30.000E-09,-10.716080666E-03,+870.929658413E-03
+35.000E-09,-25.288944831E-03,+911.130663007E-03
+40.000E-09,-3.680904862E-03,+935.251265764E-03
+45.000E-09,-25.288944831E-03,+959.371868521E-03
+50.000E-09,-11.721105780E-03,+983.492471278E-03
+55.000E-09,-25.288944831E-03,+999.572873116E-03
+60.000E-09,-19.761306699E-03,+1.023693475872E+00
+65.000E-09,-18.756281585E-03,+1.023693475872E+00
+70.000E-09,-34.836683422E-03,+1.047814078629E+00
+75.000E-09,-25.288944831E-03,+1.047814078629E+00
+80.000E-09,-43.881909456E-03,+1.063894480467E+00
+85.000E-09,-18.756281585E-03,+1.055854279548E+00
+90.000E-09,-42.876884341E-03,+1.071934681386E+00
+95.000E-09,-18.756281585E-03,+1.071934681386E+00
+100.000E-09,-42.876884341E-03,+1.088015083224E+00
+105.000E-09,-18.756281585E-03,+1.079974882305E+00
+110.000E-09,-34.836683422E-03,+1.096055284142E+00
+115.000E-09,-18.756281585E-03,+1.088015083224E+00
+120.000E-09,-41.369346669E-03,+1.096055284142E+00
+125.000E-09,-18.756281585E-03,+1.096055284142E+00
+130.000E-09,-33.329145750E-03,+1.096055284142E+00
+135.000E-09,-19.761306699E-03,+1.103592972504E+00
+140.000E-09,-25.288944831E-03,+1.096055284142E+00
+145.000E-09,-19.761306699E-03,+1.103592972504E+00
+150.000E-09,-18.756281585E-03,+1.096055284142E+00
+155.000E-09,-19.761306699E-03,+1.104095485061E+00
+160.000E-09,-17.248743912E-03,+1.096055284142E+00
+165.000E-09,-27.801507618E-03,+1.104095485061E+00
+170.000E-09,-9.208542993E-03,+1.096055284142E+00
+175.000E-09,-27.801507618E-03,+1.112135685980E+00
+180.000E-09,-9.208542993E-03,+1.112135685980E+00
+185.000E-09,-26.796482503E-03,+1.128216087818E+00
+190.000E-09,-2.675879747E-03,+1.120175886899E+00
+195.000E-09,-25.288944831E-03,+1.128216087818E+00
+200.000E-09,-2.675879747E-03,+1.128216087818E+00
+205.000E-09,-18.756281585E-03,+1.136256288737E+00
+210.000E-09,-3.680904862E-03,+1.128216087818E+00
+215.000E-09,-25.288944831E-03,+1.136256288737E+00
+220.000E-09,-11.721105780E-03,+1.128216087818E+00
+225.000E-09,-25.288944831E-03,+1.128216087818E+00
+230.000E-09,-11.721105780E-03,+1.135753776180E+00
+235.000E-09,-17.248743912E-03,+1.120175886899E+00
+240.000E-09,-19.761306699E-03,+1.135753776180E+00
+245.000E-09,-9.208542993E-03,+1.128216087818E+00
+250.000E-09,-19.761306699E-03,+1.127713575261E+00
+255.000E-09,-9.208542993E-03,+1.120175886899E+00
+260.000E-09,-26.796482503E-03,+1.136256288737E+00
+265.000E-09,-2.675879747E-03,+1.120175886899E+00
+270.000E-09,-26.796482503E-03,+1.128216087818E+00
+275.000E-09,-2.675879747E-03,+1.112135685980E+00
+280.000E-09,-26.796482503E-03,+1.128216087818E+00
+285.000E-09,-2.675879747E-03,+1.119673374342E+00
+290.000E-09,-33.329145750E-03,+1.120175886899E+00
+295.000E-09,-3.680904862E-03,+1.119673374342E+00
+300.000E-09,-25.288944831E-03,+1.120175886899E+00
+305.000E-09,-3.680904862E-03,+1.119673374342E+00
+310.000E-09,-18.756281585E-03,+1.112135685980E+00
+315.000E-09,-11.721105780E-03,+1.119673374342E+00
+320.000E-09,-17.248743912E-03,+1.112135685980E+00
+325.000E-09,-11.721105780E-03,+1.119673374342E+00
+330.000E-09,-10.716080666E-03,+1.112135685980E+00
+335.000E-09,-19.761306699E-03,+1.120175886899E+00
+340.000E-09,-9.208542993E-03,+1.112135685980E+00
+345.000E-09,-27.801507618E-03,+1.119673374342E+00
+350.000E-09,-9.208542993E-03,+1.112135685980E+00
+355.000E-09,-27.801507618E-03,+1.112135685980E+00
+360.000E-09,-10.716080666E-03,+1.112135685980E+00
+365.000E-09,-34.836683422E-03,+1.120175886899E+00
+370.000E-09,-3.680904862E-03,+1.112135685980E+00
+375.000E-09,-33.329145750E-03,+1.120175886899E+00
+380.000E-09,-2.675879747E-03,+1.120175886899E+00
+385.000E-09,-25.288944831E-03,+1.128216087818E+00
+390.000E-09,-3.680904862E-03,+1.120175886899E+00
+395.000E-09,-17.248743912E-03,+1.128216087818E+00
+400.000E-09,-3.680904862E-03,+1.128216087818E+00
+405.000E-09,-17.248743912E-03,+1.128216087818E+00
+410.000E-09,-11.721105780E-03,+1.128216087818E+00
+415.000E-09,-10.716080666E-03,+1.128216087818E+00
+420.000E-09,-11.721105780E-03,+1.136256288737E+00
+425.000E-09,-2.675879747E-03,+1.128216087818E+00
+430.000E-09,-18.756281585E-03,+1.143793977099E+00
+435.000E-09,-1.168342074E-03,+1.128216087818E+00
+440.000E-09,-26.796482503E-03,+1.143793977099E+00
+445.000E-09,-2.675879747E-03,+1.128216087818E+00
+450.000E-09,-27.801507618E-03,+1.144296489656E+00
+455.000E-09,-2.675879747E-03,+1.128216087818E+00
+460.000E-09,-25.288944831E-03,+1.136256288737E+00
+465.000E-09,-3.680904862E-03,+1.127713575261E+00
+470.000E-09,-25.288944831E-03,+1.136256288737E+00
+475.000E-09,-10.716080666E-03,+1.135753776180E+00
+480.000E-09,-26.796482503E-03,+1.136256288737E+00
+485.000E-09,-11.721105780E-03,+1.128216087818E+00
+490.000E-09,-18.756281585E-03,+1.120175886899E+00
+495.000E-09,-19.761306699E-03,+1.120175886899E+00
+500.000E-09,-17.248743912E-03,+1.120175886899E+00
+505.000E-09,-19.761306699E-03,+1.120175886899E+00
+510.000E-09,-9.208542993E-03,+1.112135685980E+00
+515.000E-09,-19.761306699E-03,+1.120175886899E+00
+520.000E-09,-9.208542993E-03,+1.112135685980E+00
+525.000E-09,-26.796482503E-03,+1.120175886899E+00
+530.000E-09,-2.675879747E-03,+1.112135685980E+00
+535.000E-09,-26.796482503E-03,+1.128216087818E+00
+540.000E-09,-2.675879747E-03,+1.112135685980E+00
+545.000E-09,-26.796482503E-03,+1.119673374342E+00
+550.000E-09,-10.716080666E-03,+1.112135685980E+00
+555.000E-09,-33.329145750E-03,+1.120175886899E+00
+560.000E-09,-11.721105780E-03,+1.112135685980E+00
+565.000E-09,-33.329145750E-03,+1.120175886899E+00
+570.000E-09,-11.721105780E-03,+1.120175886899E+00
+575.000E-09,-25.288944831E-03,+1.128216087818E+00
+580.000E-09,-11.721105780E-03,+1.120175886899E+00
+585.000E-09,-18.756281585E-03,+1.128216087818E+00
+590.000E-09,-19.761306699E-03,+1.128216087818E+00
+595.000E-09,-17.248743912E-03,+1.120175886899E+00
+600.000E-09,-26.796482503E-03,+1.135753776180E+00
+605.000E-09,-9.208542993E-03,+1.120175886899E+00
+610.000E-09,-27.801507618E-03,+1.135753776180E+00
+615.000E-09,-9.208542993E-03,+1.128216087818E+00
+620.000E-09,-26.796482503E-03,+1.136256288737E+00
+625.000E-09,-2.675879747E-03,+1.128216087818E+00
+630.000E-09,-26.796482503E-03,+1.144296489656E+00
+635.000E-09,-2.675879747E-03,+1.128216087818E+00
+640.000E-09,-25.288944831E-03,+1.136256288737E+00
+645.000E-09,-3.680904862E-03,+1.135753776180E+00
+650.000E-09,-18.756281585E-03,+1.136256288737E+00
+655.000E-09,-3.680904862E-03,+1.135753776180E+00
+660.000E-09,-17.248743912E-03,+1.136256288737E+00
+665.000E-09,-3.680904862E-03,+1.135753776180E+00
+670.000E-09,-9.208542993E-03,+1.128216087818E+00
+675.000E-09,-18.756281585E-03,+1.135753776180E+00
+680.000E-09,-10.716080666E-03,+1.128216087818E+00
+685.000E-09,-18.756281585E-03,+1.136256288737E+00
+690.000E-09,-9.208542993E-03,+1.128216087818E+00
+695.000E-09,-26.796482503E-03,+1.144296489656E+00
+700.000E-09,-2.675879747E-03,+1.136256288737E+00
+705.000E-09,-27.801507618E-03,+1.144296489656E+00
+710.000E-09,-2.675879747E-03,+1.136256288737E+00
+715.000E-09,-34.836683422E-03,+1.144296489656E+00
+720.000E-09,-10.716080666E-03,+1.128216087818E+00
+725.000E-09,-26.796482503E-03,+1.136256288737E+00
+730.000E-09,-3.680904862E-03,+1.120175886899E+00
+735.000E-09,-33.329145750E-03,+1.128216087818E+00
+740.000E-09,-3.680904862E-03,+1.120175886899E+00
+745.000E-09,-18.756281585E-03,+1.120175886899E+00
+750.000E-09,-11.721105780E-03,+1.112135685980E+00
+755.000E-09,-17.248743912E-03,+1.112135685980E+00
+760.000E-09,-11.721105780E-03,+1.112135685980E+00
+765.000E-09,-17.248743912E-03,+1.112135685980E+00
+770.000E-09,-19.761306699E-03,+1.112135685980E+00
+775.000E-09,-17.248743912E-03,+1.112135685980E+00
+780.000E-09,-27.801507618E-03,+1.128216087818E+00
+785.000E-09,-17.248743912E-03,+1.120175886899E+00
+790.000E-09,-42.876884341E-03,+1.136256288737E+00
+795.000E-09,-17.248743912E-03,+1.120175886899E+00
+800.000E-09,-35.841708537E-03,+1.136256288737E+00
+805.000E-09,-10.716080666E-03,+1.128216087818E+00
+810.000E-09,-41.369346669E-03,+1.136256288737E+00
+815.000E-09,-11.721105780E-03,+1.128216087818E+00
+820.000E-09,-26.796482503E-03,+1.144296489656E+00
+825.000E-09,-3.680904862E-03,+1.135753776180E+00
+830.000E-09,-25.288944831E-03,+1.136256288737E+00
+835.000E-09,-3.680904862E-03,+1.136256288737E+00
+840.000E-09,-10.716080666E-03,+1.136256288737E+00
+845.000E-09,-3.680904862E-03,+1.136256288737E+00
+850.000E-09,-2.675879747E-03,+1.136256288737E+00
+855.000E-09,-10.716080666E-03,+1.143793977099E+00
+860.000E-09,+5.364321172E-03,+1.128216087818E+00
+865.000E-09,-10.716080666E-03,+1.143793977099E+00
+870.000E-09,+5.364321172E-03,+1.128216087818E+00
+875.000E-09,-11.721105780E-03,+1.144296489656E+00
+880.000E-09,-1.168342074E-03,+1.128216087818E+00
+885.000E-09,-18.756281585E-03,+1.136256288737E+00
+890.000E-09,+5.364321172E-03,+1.128216087818E+00
+895.000E-09,-26.796482503E-03,+1.136256288737E+00
+900.000E-09,-2.675879747E-03,+1.128216087818E+00
+905.000E-09,-26.796482503E-03,+1.136256288737E+00
+910.000E-09,-3.680904862E-03,+1.128216087818E+00
+915.000E-09,-25.288944831E-03,+1.136256288737E+00
+920.000E-09,-11.721105780E-03,+1.136256288737E+00
+925.000E-09,-25.288944831E-03,+1.144296489656E+00
+930.000E-09,-11.721105780E-03,+1.152336690575E+00
+935.000E-09,-25.288944831E-03,+1.160376891494E+00
+940.000E-09,-19.761306699E-03,+1.167914579855E+00
+945.000E-09,-17.248743912E-03,+1.152336690575E+00
+950.000E-09,-26.796482503E-03,+1.143793977099E+00
+955.000E-09,-10.716080666E-03,+1.104095485061E+00
+960.000E-09,-34.836683422E-03,+1.079472369747E+00
+965.000E-09,-10.716080666E-03,+1.015150762396E+00
+970.000E-09,-34.836683422E-03,+966.909556882E-03
+975.000E-09,-10.716080666E-03,+886.507547693E-03
+980.000E-09,-26.796482503E-03,+822.185940342E-03
+985.000E-09,-3.680904862E-03,+741.783931153E-03
+990.000E-09,-26.796482503E-03,+677.462323802E-03
+995.000E-09,+4.359296057E-03,+597.060314612E-03
+1.000000E-06,-18.756281585E-03,+532.738707261E-03
+1.005000E-06,-10.716080666E-03,+468.919612467E-03
+1.010000E-06,-25.288944831E-03,+412.638206035E-03
+1.015000E-06,-27.801507618E-03,+356.356799603E-03
+1.020000E-06,-41.369346669E-03,+308.115594089E-03
+1.025000E-06,-51.922110375E-03,+275.954790413E-03
+1.030000E-06,-57.449748507E-03,+235.753785819E-03
+1.035000E-06,-59.962311294E-03,+211.633183062E-03
+1.040000E-06,-50.917085260E-03,+171.432178468E-03
+1.045000E-06,-59.962311294E-03,+155.351776630E-03
+1.050000E-06,-34.836683422E-03,+131.231173873E-03
+1.055000E-06,-42.876884341E-03,+123.190972954E-03
+1.060000E-06,-2.675879747E-03,+99.070370197E-03
+1.065000E-06,-2.675879747E-03,+91.030169278E-03
+1.070000E-06,+45.565325767E-03,+66.909566522E-03
+1.075000E-06,+52.600501571E-03,+66.909566522E-03
+1.080000E-06,+92.801506165E-03,+58.869365603E-03
+1.085000E-06,+101.846732199E-03,+50.829164684E-03
+1.090000E-06,+149.082912598E-03,+42.788963765E-03
+1.095000E-06,+166.168339550E-03,+42.788963765E-03
+1.100000E-06,+203.856781358E-03,+42.788963765E-03
+1.105000E-06,+222.449745983E-03,+34.748762846E-03
+1.110000E-06,+252.097986871E-03,+34.748762846E-03
+1.115000E-06,+270.690951496E-03,+34.748762846E-03
+1.120000E-06,+293.806529138E-03,+42.788963765E-03
+1.125000E-06,+326.972357929E-03,+34.748762846E-03
+1.130000E-06,+334.007533733E-03,+42.788963765E-03
+1.135000E-06,+359.133161604E-03,+34.748762846E-03
+1.140000E-06,+366.168337408E-03,+42.788963765E-03
+1.145000E-06,+407.374367118E-03,+26.708561927E-03
+1.150000E-06,+391.293965280E-03,+42.788963765E-03
+1.155000E-06,+430.489944760E-03,+26.708561927E-03
+1.160000E-06,+415.414568037E-03,+34.748762846E-03
+1.165000E-06,+447.575371712E-03,+18.668361008E-03
+1.170000E-06,+439.535170794E-03,+18.668361008E-03
+1.175000E-06,+463.655773550E-03,+10.628160089E-03
+1.180000E-06,+455.615572631E-03,+10.628160089E-03
+1.185000E-06,+478.731150273E-03,+2.587959170E-03
+1.190000E-06,+473.203512141E-03,+2.587959170E-03
+1.195000E-06,+486.771351192E-03,-5.452241749E-03
+1.200000E-06,+481.243713060E-03,-5.452241749E-03
+1.205000E-06,+486.771351192E-03,-5.452241749E-03
+1.210000E-06,+495.816577226E-03,-21.030131029E-03
+1.215000E-06,+487.776376307E-03,-5.452241749E-03
+1.220000E-06,+503.856778145E-03,-21.030131029E-03
+1.225000E-06,+486.771351192E-03,-5.452241749E-03
+1.230000E-06,+503.856778145E-03,-21.030131029E-03
+1.235000E-06,+487.776376307E-03,-5.452241749E-03
+1.240000E-06,+510.891953949E-03,-13.492442667E-03
+1.245000E-06,+479.736175388E-03,+2.587959170E-03
+1.250000E-06,+510.891953949E-03,-13.492442667E-03
+1.255000E-06,+487.776376307E-03,-4.949729191E-03
+1.260000E-06,+518.932154868E-03,-5.452241749E-03
+1.265000E-06,+495.816577226E-03,+2.587959170E-03
+1.270000E-06,+518.932154868E-03,+2.587959170E-03
+1.275000E-06,+511.896979064E-03,+2.587959170E-03
+1.280000E-06,+526.972355787E-03,+2.587959170E-03
+1.285000E-06,+521.444717655E-03,-4.949729191E-03
+1.290000E-06,+526.972355787E-03,+2.587959170E-03
+1.295000E-06,+529.484918574E-03,+2.587959170E-03
+1.300000E-06,+526.972355787E-03,+10.628160089E-03
+1.305000E-06,+536.017581820E-03,+2.587959170E-03
+1.310000E-06,+519.937179983E-03,+10.628160089E-03
+1.315000E-06,+537.525119493E-03,+2.587959170E-03
+1.320000E-06,+511.896979064E-03,+10.628160089E-03
+1.325000E-06,+544.057782739E-03,-5.452241749E-03
+1.330000E-06,+511.896979064E-03,+10.628160089E-03
+1.335000E-06,+536.017581820E-03,+2.587959170E-03
+1.340000E-06,+513.404516736E-03,+10.628160089E-03
+1.345000E-06,+535.012556706E-03,+10.628160089E-03
+1.350000E-06,+513.404516736E-03,+10.628160089E-03
+1.355000E-06,+535.012556706E-03,+2.587959170E-03
+1.360000E-06,+521.444717655E-03,+10.628160089E-03
+1.365000E-06,+527.977380902E-03,+2.587959170E-03
+1.370000E-06,+521.444717655E-03,-4.949729191E-03
+1.375000E-06,+526.972355787E-03,+2.587959170E-03
+1.380000E-06,+521.444717655E-03,-4.949729191E-03
+1.385000E-06,+526.972355787E-03,+2.587959170E-03
+1.390000E-06,+529.484918574E-03,-5.452241749E-03
+1.395000E-06,+518.932154868E-03,+2.587959170E-03
+1.400000E-06,+527.977380902E-03,+2.587959170E-03
+1.405000E-06,+511.896979064E-03,+2.587959170E-03
+1.410000E-06,+536.017581820E-03,-5.452241749E-03
+1.415000E-06,+505.364315817E-03,+2.587959170E-03
+1.420000E-06,+535.012556706E-03,-5.452241749E-03
+1.425000E-06,+505.364315817E-03,+2.587959170E-03
+1.430000E-06,+527.977380902E-03,-13.492442667E-03
+1.435000E-06,+505.364315817E-03,-5.452241749E-03
+1.440000E-06,+526.972355787E-03,-5.452241749E-03
+1.445000E-06,+511.896979064E-03,-5.452241749E-03
+1.450000E-06,+526.972355787E-03,-5.452241749E-03
+1.455000E-06,+513.404516736E-03,-5.452241749E-03
+1.460000E-06,+526.972355787E-03,-5.452241749E-03
+1.465000E-06,+521.444717655E-03,-12.989930110E-03
+1.470000E-06,+519.937179983E-03,+2.587959170E-03
+1.475000E-06,+527.977380902E-03,-13.492442667E-03
+1.480000E-06,+518.932154868E-03,+2.587959170E-03
+1.485000E-06,+536.017581820E-03,-5.452241749E-03
+1.490000E-06,+518.932154868E-03,+2.587959170E-03
+1.495000E-06,+529.484918574E-03,-4.949729191E-03
+1.500000E-06,+518.932154868E-03,+10.628160089E-03
+1.505000E-06,+543.052757625E-03,+2.587959170E-03
+1.510000E-06,+513.404516736E-03,+10.628160089E-03
+1.515000E-06,+544.057782739E-03,+2.587959170E-03
+1.520000E-06,+519.937179983E-03,+10.628160089E-03
+1.525000E-06,+543.052757625E-03,+2.587959170E-03
+1.530000E-06,+521.444717655E-03,+3.090471728E-03
+1.535000E-06,+536.017581820E-03,+2.587959170E-03
+1.540000E-06,+529.484918574E-03,+2.587959170E-03
+1.545000E-06,+543.052757625E-03,+2.587959170E-03
+1.550000E-06,+530.992456246E-03,+2.587959170E-03
+1.555000E-06,+535.012556706E-03,+2.587959170E-03
+1.560000E-06,+537.525119493E-03,+2.587959170E-03
+1.565000E-06,+535.012556706E-03,+2.587959170E-03
+1.570000E-06,+545.565320412E-03,-12.989930110E-03
+1.575000E-06,+527.977380902E-03,+2.587959170E-03
+1.580000E-06,+544.057782739E-03,-12.989930110E-03
+1.585000E-06,+518.932154868E-03,+2.587959170E-03
+1.590000E-06,+544.057782739E-03,-12.989930110E-03
+1.595000E-06,+519.937179983E-03,+2.587959170E-03
+1.600000E-06,+543.052757625E-03,-5.452241749E-03
+1.605000E-06,+519.937179983E-03,+3.090471728E-03
+1.610000E-06,+536.017581820E-03,+2.587959170E-03
+1.615000E-06,+513.404516736E-03,+3.090471728E-03
+1.620000E-06,+535.012556706E-03,+2.587959170E-03
+1.625000E-06,+513.404516736E-03,+2.587959170E-03
+1.630000E-06,+526.972355787E-03,+2.587959170E-03
+1.635000E-06,+521.444717655E-03,-5.452241749E-03
+1.640000E-06,+518.932154868E-03,+2.587959170E-03
+1.645000E-06,+521.444717655E-03,-13.492442667E-03
+1.650000E-06,+510.891953949E-03,-5.452241749E-03
+1.655000E-06,+521.444717655E-03,-13.492442667E-03
+1.660000E-06,+510.891953949E-03,-5.452241749E-03
+1.665000E-06,+527.977380902E-03,-13.492442667E-03
+1.670000E-06,+511.896979064E-03,-5.452241749E-03
+1.675000E-06,+529.484918574E-03,-13.492442667E-03
+1.680000E-06,+510.891953949E-03,-5.452241749E-03
+1.685000E-06,+536.017581820E-03,-21.532643586E-03
+1.690000E-06,+511.896979064E-03,-5.452241749E-03
+1.695000E-06,+535.012556706E-03,-13.492442667E-03
+1.700000E-06,+519.937179983E-03,-4.949729191E-03
+1.705000E-06,+535.012556706E-03,-5.452241749E-03
+1.710000E-06,+521.444717655E-03,-5.452241749E-03
+1.715000E-06,+543.052757625E-03,-5.452241749E-03
+1.720000E-06,+529.484918574E-03,+2.587959170E-03
+1.725000E-06,+535.012556706E-03,+2.587959170E-03
+1.730000E-06,+537.525119493E-03,-5.452241749E-03
+1.735000E-06,+526.972355787E-03,+2.587959170E-03
+1.740000E-06,+537.525119493E-03,-5.452241749E-03
+1.745000E-06,+526.972355787E-03,+2.587959170E-03
+1.750000E-06,+544.057782739E-03,-12.989930110E-03
+1.755000E-06,+519.937179983E-03,+2.587959170E-03
+1.760000E-06,+544.057782739E-03,-5.452241749E-03
+1.765000E-06,+519.937179983E-03,+2.587959170E-03
+1.770000E-06,+544.057782739E-03,-5.452241749E-03
+1.775000E-06,+521.444717655E-03,+2.587959170E-03
+1.780000E-06,+551.092958543E-03,-5.452241749E-03
+1.785000E-06,+527.977380902E-03,+2.587959170E-03
+1.790000E-06,+544.057782739E-03,-5.452241749E-03
+1.795000E-06,+529.484918574E-03,-4.949729191E-03
+1.800000E-06,+543.052757625E-03,-5.452241749E-03
+1.805000E-06,+537.525119493E-03,-5.452241749E-03
+1.810000E-06,+543.052757625E-03,-5.452241749E-03
+1.815000E-06,+529.484918574E-03,-12.989930110E-03
+1.820000E-06,+535.012556706E-03,-5.452241749E-03
+1.825000E-06,+536.017581820E-03,-5.452241749E-03
+1.830000E-06,+519.937179983E-03,+2.587959170E-03
+1.835000E-06,+536.017581820E-03,-4.949729191E-03
+1.840000E-06,+511.896979064E-03,+10.628160089E-03
+1.845000E-06,+529.484918574E-03,-5.452241749E-03
+1.850000E-06,+510.891953949E-03,+10.628160089E-03
+1.855000E-06,+527.977380902E-03,+2.587959170E-03
+1.860000E-06,+503.856778145E-03,+3.090471728E-03
+1.865000E-06,+527.977380902E-03,-5.452241749E-03
+1.870000E-06,+511.896979064E-03,+2.587959170E-03
+1.875000E-06,+527.977380902E-03,-13.492442667E-03
+1.880000E-06,+511.896979064E-03,-5.452241749E-03
+1.885000E-06,+535.012556706E-03,-13.492442667E-03
+1.890000E-06,+521.444717655E-03,-21.030131029E-03
+1.895000E-06,+526.972355787E-03,-13.492442667E-03
+1.900000E-06,+521.444717655E-03,-21.532643586E-03
+1.905000E-06,+526.972355787E-03,-21.532643586E-03
+1.910000E-06,+529.484918574E-03,-29.572844505E-03
+1.915000E-06,+526.972355787E-03,-21.532643586E-03
+1.920000E-06,+529.484918574E-03,-21.532643586E-03
+1.925000E-06,+518.932154868E-03,-13.492442667E-03
+1.930000E-06,+544.057782739E-03,-21.532643586E-03
+1.935000E-06,+519.937179983E-03,-5.452241749E-03
+1.940000E-06,+544.057782739E-03,-5.452241749E-03
+1.945000E-06,+519.937179983E-03,+10.628160089E-03
+1.950000E-06,+544.057782739E-03,+10.628160089E-03
+1.955000E-06,+527.977380902E-03,+18.668361008E-03
+1.960000E-06,+543.052757625E-03,+18.668361008E-03
+1.965000E-06,+521.444717655E-03,+26.708561927E-03
+1.970000E-06,+543.052757625E-03,+26.708561927E-03
+1.975000E-06,+529.484918574E-03,+26.708561927E-03
+1.980000E-06,+536.017581820E-03,+34.748762846E-03
+1.985000E-06,+521.444717655E-03,+27.211074485E-03
+1.990000E-06,+526.972355787E-03,+34.748762846E-03
+1.995000E-06,+527.977380902E-03,+19.170873566E-03
+2.000000E-06,+518.932154868E-03,+34.748762846E-03
+2.005000E-06,+537.525119493E-03,+19.170873566E-03
+2.010000E-06,+527.977380902E-03,+34.748762846E-03
+2.015000E-06,+544.057782739E-03,+18.668361008E-03
+2.020000E-06,+536.017581820E-03,+26.708561927E-03
+2.025000E-06,+568.178385496E-03,+10.628160089E-03
+2.030000E-06,+544.057782739E-03,+18.668361008E-03
+2.035000E-06,+576.218586415E-03,+2.587959170E-03
+2.040000E-06,+544.057782739E-03,+11.130672647E-03
+2.045000E-06,+567.173360381E-03,+2.587959170E-03
+2.050000E-06,+545.565320412E-03,+2.587959170E-03
+2.055000E-06,+544.057782739E-03,-5.452241749E-03
+2.060000E-06,+513.404516736E-03,+10.628160089E-03
+2.065000E-06,+503.856778145E-03,+2.587959170E-03
+2.070000E-06,+474.711049814E-03,+11.130672647E-03
+2.075000E-06,+462.650748435E-03,+18.668361008E-03
+2.080000E-06,+426.469844300E-03,+19.170873566E-03
+2.085000E-06,+391.293965280E-03,+34.748762846E-03
+2.090000E-06,+376.721101115E-03,+27.211074485E-03
+2.095000E-06,+335.012558848E-03,+34.748762846E-03
+2.100000E-06,+320.439694682E-03,+19.170873566E-03
+2.105000E-06,+278.731152415E-03,+26.708561927E-03
+2.110000E-06,+272.198489169E-03,+10.628160089E-03
+2.115000E-06,+223.957283655E-03,+2.587959170E-03
+2.120000E-06,+222.449745983E-03,-21.532643586E-03
+2.125000E-06,+183.756279061E-03,-29.572844505E-03
+2.130000E-06,+183.756279061E-03,-53.693447262E-03
+2.135000E-06,+143.555274466E-03,-69.773849100E-03
+2.140000E-06,+150.087937713E-03,-93.894451857E-03
+2.145000E-06,+111.394470790E-03,-109.974853694E-03
+2.150000E-06,+117.927134037E-03,-134.095456451E-03
+2.155000E-06,+87.273868034E-03,-150.175858289E-03
+2.160000E-06,+84.761305247E-03,-150.175858289E-03
+2.165000E-06,+71.193466196E-03,-166.256260127E-03
+2.170000E-06,+61.645727605E-03,-166.256260127E-03
+2.175000E-06,+55.113064358E-03,-182.336661965E-03
+2.180000E-06,+44.560300652E-03,-174.296461046E-03
+2.185000E-06,+53.605526686E-03,-182.336661965E-03
+2.190000E-06,+29.484923929E-03,-174.296461046E-03
+2.195000E-06,+37.525124848E-03,-189.874350326E-03
+2.200000E-06,+13.404522091E-03,-174.296461046E-03
+2.205000E-06,+37.525124848E-03,-174.296461046E-03
+2.210000E-06,+13.404522091E-03,-158.216059208E-03
+2.215000E-06,+37.525124848E-03,-158.216059208E-03
+2.220000E-06,+13.404522091E-03,-141.633144813E-03
+2.225000E-06,+36.520099733E-03,-134.095456451E-03
+2.230000E-06,+14.912059763E-03,-125.552742975E-03
+2.235000E-06,+29.484923929E-03,-118.015054613E-03
+2.240000E-06,+21.444723010E-03,-109.472341137E-03
+2.245000E-06,+28.479898814E-03,-101.934652776E-03
+2.250000E-06,+14.912059763E-03,-93.391939299E-03
+2.255000E-06,+13.404522091E-03,-77.814050019E-03
+2.260000E-06,+14.912059763E-03,-77.311537461E-03
+2.265000E-06,+4.359296057E-03,-61.733648181E-03
+2.270000E-06,+6.871858845E-03,-61.733648181E-03
+2.275000E-06,-11.721105780E-03,-45.653246343E-03
+2.280000E-06,+5.364321172E-03,-45.653246343E-03
+2.285000E-06,-18.756281585E-03,-29.572844505E-03
+2.290000E-06,+5.364321172E-03,-37.613045424E-03
+2.295000E-06,-26.796482503E-03,-13.492442667E-03
+2.300000E-06,-2.675879747E-03,-21.532643586E-03
+2.305000E-06,-26.796482503E-03,-5.452241749E-03
+2.310000E-06,-10.716080666E-03,-21.532643586E-03
+2.315000E-06,-33.329145750E-03,-12.989930110E-03
+2.320000E-06,-11.721105780E-03,-13.492442667E-03
+2.325000E-06,-25.288944831E-03,-13.492442667E-03
+2.330000E-06,-19.761306699E-03,-13.492442667E-03
+2.335000E-06,-25.288944831E-03,-13.492442667E-03
+2.340000E-06,-19.761306699E-03,-13.492442667E-03
+2.345000E-06,-17.248743912E-03,-21.532643586E-03
+2.350000E-06,-19.761306699E-03,-13.492442667E-03
+2.355000E-06,-9.208542993E-03,-21.532643586E-03
+2.360000E-06,-26.796482503E-03,-13.492442667E-03
+2.365000E-06,-9.208542993E-03,-21.532643586E-03
+2.370000E-06,-26.796482503E-03,-5.452241749E-03
+2.375000E-06,-2.675879747E-03,-12.989930110E-03
+2.380000E-06,-26.796482503E-03,-5.452241749E-03
+2.385000E-06,-2.675879747E-03,-5.452241749E-03
+2.390000E-06,-26.796482503E-03,+2.587959170E-03
+2.395000E-06,-2.675879747E-03,-5.452241749E-03
+2.400000E-06,-26.796482503E-03,+2.587959170E-03
+2.405000E-06,-3.680904862E-03,-4.949729191E-03
+2.410000E-06,-18.756281585E-03,+10.628160089E-03
+2.415000E-06,-3.680904862E-03,+10.628160089E-03
+2.420000E-06,-17.248743912E-03,+3.090471728E-03
+2.425000E-06,-11.721105780E-03,+10.628160089E-03
+2.430000E-06,-9.208542993E-03,+3.090471728E-03
+2.435000E-06,-10.716080666E-03,+10.628160089E-03
+2.440000E-06,-9.208542993E-03,+10.628160089E-03
+2.445000E-06,-18.756281585E-03,+18.668361008E-03
+2.450000E-06,-2.675879747E-03,+10.628160089E-03
+2.455000E-06,-18.756281585E-03,+10.628160089E-03
+2.460000E-06,-2.675879747E-03,+3.090471728E-03
+2.465000E-06,-18.756281585E-03,+18.668361008E-03
+2.470000E-06,-2.675879747E-03,+10.628160089E-03
+2.475000E-06,-26.796482503E-03,+18.668361008E-03
+2.480000E-06,-2.675879747E-03,+10.628160089E-03
+2.485000E-06,-25.288944831E-03,+18.668361008E-03
+2.490000E-06,-2.675879747E-03,+10.628160089E-03
+2.495000E-06,-25.288944831E-03,+19.170873566E-03
+2.500000E-06,-3.680904862E-03,+18.668361008E-03
+2.505000E-06,-25.288944831E-03,+11.130672647E-03
+2.510000E-06,-11.721105780E-03,+10.628160089E-03
+2.515000E-06,-17.248743912E-03,+10.628160089E-03
+2.520000E-06,-19.761306699E-03,+18.668361008E-03
+2.525000E-06,-17.248743912E-03,+3.090471728E-03
+2.530000E-06,-19.761306699E-03,+10.628160089E-03
+2.535000E-06,-10.716080666E-03,+2.587959170E-03
+2.540000E-06,-26.796482503E-03,+10.628160089E-03
+2.545000E-06,-10.716080666E-03,+2.587959170E-03
+2.550000E-06,-34.836683422E-03,+10.628160089E-03
+2.555000E-06,-10.716080666E-03,-5.452241749E-03
+2.560000E-06,-34.836683422E-03,+2.587959170E-03
+2.565000E-06,-3.680904862E-03,-5.452241749E-03
+2.570000E-06,-26.796482503E-03,+2.587959170E-03
+2.575000E-06,-10.716080666E-03,-5.452241749E-03
+2.580000E-06,-26.796482503E-03,+2.587959170E-03
+2.585000E-06,-3.680904862E-03,+2.587959170E-03
+2.590000E-06,-23.781407159E-03,-4.949729191E-03
+2.595000E-06,-11.721105780E-03,-5.452241749E-03
+2.600000E-06,-25.288944831E-03,-4.949729191E-03
+2.605000E-06,-11.721105780E-03,+2.587959170E-03
+2.610000E-06,-10.716080666E-03,-5.452241749E-03
+2.615000E-06,-18.756281585E-03,+2.587959170E-03
+2.620000E-06,-2.675879747E-03,-5.452241749E-03
+2.625000E-06,-19.761306699E-03,+2.587959170E-03
+2.630000E-06,-2.675879747E-03,-4.949729191E-03
+2.635000E-06,-19.761306699E-03,+10.628160089E-03
+2.640000E-06,-2.675879747E-03,+2.587959170E-03
+2.645000E-06,-26.796482503E-03,+10.628160089E-03
+2.650000E-06,-2.675879747E-03,+2.587959170E-03
+2.655000E-06,-33.329145750E-03,+18.668361008E-03
+2.660000E-06,-3.680904862E-03,+10.628160089E-03
+2.665000E-06,-26.796482503E-03,+18.668361008E-03
+2.670000E-06,-10.716080666E-03,+10.628160089E-03
+2.675000E-06,-18.756281585E-03,+11.130672647E-03
+2.680000E-06,-3.680904862E-03,+18.668361008E-03
+2.685000E-06,-17.248743912E-03,+18.668361008E-03
+2.690000E-06,-3.680904862E-03,+18.668361008E-03
+2.695000E-06,-15.741206240E-03,+18.668361008E-03
+2.700000E-06,-11.721105780E-03,+18.668361008E-03
+2.705000E-06,-9.208542993E-03,+10.628160089E-03
+2.710000E-06,-18.756281585E-03,+18.668361008E-03
+2.715000E-06,-9.208542993E-03,+3.090471728E-03
+2.720000E-06,-26.796482503E-03,+10.628160089E-03
+2.725000E-06,-2.675879747E-03,+2.587959170E-03
+2.730000E-06,-26.796482503E-03,+18.668361008E-03
+2.735000E-06,-10.716080666E-03,+2.587959170E-03
+2.740000E-06,-34.836683422E-03,+10.628160089E-03
+2.745000E-06,-10.716080666E-03,+2.587959170E-03
+2.750000E-06,-33.329145750E-03,+10.628160089E-03
+2.755000E-06,-11.721105780E-03,+2.587959170E-03
+2.760000E-06,-33.329145750E-03,+2.587959170E-03
+2.765000E-06,-11.721105780E-03,+2.587959170E-03
+2.770000E-06,-33.329145750E-03,+2.587959170E-03
+2.775000E-06,-19.761306699E-03,-5.452241749E-03
+2.780000E-06,-25.288944831E-03,-12.989930110E-03
+2.785000E-06,-19.761306699E-03,+2.587959170E-03
+2.790000E-06,-17.248743912E-03,-5.452241749E-03
+2.795000E-06,-27.801507618E-03,+2.587959170E-03
+2.800000E-06,-17.248743912E-03,-5.452241749E-03
+2.805000E-06,-27.801507618E-03,+2.587959170E-03
+2.810000E-06,-10.716080666E-03,+2.587959170E-03
+2.815000E-06,-34.836683422E-03,+10.628160089E-03
+2.820000E-06,-2.675879747E-03,-5.452241749E-03
+2.825000E-06,-34.836683422E-03,+10.628160089E-03
+2.830000E-06,-10.716080666E-03,-5.452241749E-03
+2.835000E-06,-26.796482503E-03,+2.587959170E-03
+2.840000E-06,-3.680904862E-03,-5.452241749E-03
+2.845000E-06,-25.288944831E-03,-4.949729191E-03
+2.850000E-06,-3.680904862E-03,-5.452241749E-03
+2.855000E-06,-25.288944831E-03,+2.587959170E-03
+2.860000E-06,-11.721105780E-03,+2.587959170E-03
+2.865000E-06,-17.248743912E-03,+2.587959170E-03
+2.870000E-06,-11.721105780E-03,+10.628160089E-03
+2.875000E-06,-17.248743912E-03,+3.090471728E-03
+2.880000E-06,-19.761306699E-03,+18.668361008E-03
+2.885000E-06,-10.716080666E-03,+10.628160089E-03
+2.890000E-06,-27.801507618E-03,+26.708561927E-03
+2.895000E-06,-10.716080666E-03,+18.668361008E-03
+2.900000E-06,-34.836683422E-03,+27.211074485E-03
+2.905000E-06,-3.680904862E-03,+26.708561927E-03
+2.910000E-06,-33.329145750E-03,+26.708561927E-03
+2.915000E-06,-2.675879747E-03,+18.668361008E-03
+2.920000E-06,-26.796482503E-03,+26.708561927E-03
+2.925000E-06,-2.675879747E-03,+10.628160089E-03
+2.930000E-06,-25.288944831E-03,+18.668361008E-03
+2.935000E-06,-3.680904862E-03,+2.587959170E-03
+2.940000E-06,-17.248743912E-03,+10.628160089E-03
+2.945000E-06,-10.716080666E-03,+2.587959170E-03
+2.950000E-06,-9.208542993E-03,-4.949729191E-03
+2.955000E-06,-11.721105780E-03,+2.587959170E-03
+2.960000E-06,-17.248743912E-03,-5.452241749E-03
+2.965000E-06,-19.761306699E-03,-5.452241749E-03
+2.970000E-06,-17.248743912E-03,-13.492442667E-03
+2.975000E-06,-26.796482503E-03,+2.587959170E-03
+2.980000E-06,-17.248743912E-03,-13.492442667E-03
+2.985000E-06,-35.841708537E-03,-5.452241749E-03
+2.990000E-06,-18.756281585E-03,-13.492442667E-03
+2.995000E-06,-42.876884341E-03,-5.452241749E-03
+3.000000E-06,-19.761306699E-03,-13.492442667E-03
+3.005000E-06,-42.876884341E-03,-5.452241749E-03
+3.010000E-06,-18.756281585E-03,-5.452241749E-03
+3.015000E-06,-41.369346669E-03,-4.949729191E-03
+3.020000E-06,-18.756281585E-03,-5.452241749E-03
+3.025000E-06,-34.836683422E-03,+2.587959170E-03
+3.030000E-06,-19.761306699E-03,+2.587959170E-03
+3.035000E-06,-26.796482503E-03,+2.587959170E-03
+3.040000E-06,-11.721105780E-03,+10.628160089E-03
+3.045000E-06,-17.248743912E-03,+2.587959170E-03
+3.050000E-06,-11.721105780E-03,+10.628160089E-03
+3.055000E-06,-9.208542993E-03,+2.587959170E-03
+3.060000E-06,-18.756281585E-03,+10.628160089E-03
+3.065000E-06,-2.675879747E-03,-5.452241749E-03
+3.070000E-06,-18.756281585E-03,-5.452241749E-03
+3.075000E-06,+5.364321172E-03,-21.532643586E-03
+3.080000E-06,-11.721105780E-03,-13.492442667E-03
+3.085000E-06,+13.404522091E-03,-29.572844505E-03
+3.090000E-06,-18.756281585E-03,-21.532643586E-03
+3.095000E-06,+5.364321172E-03,-29.572844505E-03
+3.100000E-06,-10.716080666E-03,-21.532643586E-03
+3.105000E-06,+12.399496976E-03,-21.532643586E-03
+3.110000E-06,-9.208542993E-03,-12.989930110E-03
+3.115000E-06,+4.359296057E-03,+2.587959170E-03
+3.120000E-06,-17.248743912E-03,+19.170873566E-03
+3.125000E-06,-3.680904862E-03,+34.748762846E-03
+3.130000E-06,-17.248743912E-03,+51.331677241E-03
+3.135000E-06,-11.721105780E-03,+75.452279998E-03
+3.140000E-06,-17.248743912E-03,+91.532681836E-03
+3.145000E-06,-19.761306699E-03,+115.150772035E-03
+3.150000E-06,-9.208542993E-03,+131.231173873E-03
+3.155000E-06,-19.761306699E-03,+147.311575711E-03
+3.160000E-06,-2.675879747E-03,+155.351776630E-03
+3.165000E-06,-18.756281585E-03,+171.432178468E-03
+3.170000E-06,+5.364321172E-03,+171.934691025E-03
+3.175000E-06,-18.756281585E-03,+187.512580305E-03
+3.180000E-06,+5.364321172E-03,+171.934691025E-03
+3.185000E-06,-10.716080666E-03,+187.512580305E-03
+3.190000E-06,+13.404522091E-03,+179.472379386E-03
+3.195000E-06,-9.208542993E-03,+179.472379386E-03
+3.200000E-06,+4.359296057E-03,+171.432178468E-03
+3.205000E-06,-9.208542993E-03,+163.391977549E-03
+3.210000E-06,-3.680904862E-03,+163.391977549E-03
+3.215000E-06,-17.248743912E-03,+147.814088268E-03
+3.220000E-06,-19.761306699E-03,+147.311575711E-03
+3.225000E-06,-26.796482503E-03,+131.231173873E-03
+3.230000E-06,-42.876884341E-03,+131.231173873E-03
+3.235000E-06,-34.836683422E-03,+115.150772035E-03
+3.240000E-06,-59.962311294E-03,+115.150772035E-03
+3.245000E-06,-49.409547588E-03,+99.070370197E-03
+3.250000E-06,-75.037688017E-03,+99.070370197E-03
+3.255000E-06,-58.957286179E-03,+74.949767441E-03
+3.260000E-06,-83.077888936E-03,+74.949767441E-03
+3.265000E-06,-66.997487098E-03,+58.869365603E-03
+3.270000E-06,-97.650753101E-03,+50.829164684E-03
+3.275000E-06,-76.042713132E-03,+42.788963765E-03
+3.280000E-06,-105.690954020E-03,+34.748762846E-03
+3.285000E-06,-84.082914051E-03,+26.708561927E-03
+3.290000E-06,-97.650753101E-03,+19.170873566E-03
+3.295000E-06,-91.118089855E-03,+18.668361008E-03
+3.300000E-06,-97.650753101E-03,+10.628160089E-03
+3.305000E-06,-92.123114970E-03,+10.628160089E-03
+3.310000E-06,-91.118089855E-03,+2.587959170E-03
+3.315000E-06,-92.123114970E-03,+10.628160089E-03
+3.320000E-06,-81.570351264E-03,+3.090471728E-03
+3.325000E-06,-91.118089855E-03,+10.628160089E-03
+3.330000E-06,-75.037688017E-03,+10.628160089E-03
+3.335000E-06,-91.118089855E-03,+18.668361008E-03
+3.340000E-06,-59.962311294E-03,+10.628160089E-03
+3.345000E-06,-83.077888936E-03,+26.708561927E-03
+3.350000E-06,-58.957286179E-03,+10.628160089E-03
+3.355000E-06,-81.570351264E-03,+26.708561927E-03
+3.360000E-06,-50.917085260E-03,+18.668361008E-03
+3.365000E-06,-65.489949426E-03,+18.668361008E-03
+3.370000E-06,-42.876884341E-03,+10.628160089E-03
+3.375000E-06,-57.449748507E-03,+18.668361008E-03
+3.380000E-06,-27.801507618E-03,+10.628160089E-03
+3.385000E-06,-42.876884341E-03,+10.628160089E-03
+3.390000E-06,-35.841708537E-03,+2.587959170E-03
+3.395000E-06,-33.329145750E-03,-4.949729191E-03
+3.400000E-06,-35.841708537E-03,+2.587959170E-03
+3.405000E-06,-26.796482503E-03,-12.989930110E-03
+3.410000E-06,-35.841708537E-03,-5.452241749E-03
+3.415000E-06,-25.288944831E-03,-13.492442667E-03
+3.420000E-06,-35.841708537E-03,-5.452241749E-03
+3.425000E-06,-25.288944831E-03,-21.532643586E-03
+3.430000E-06,-42.876884341E-03,-5.452241749E-03
+3.435000E-06,-18.756281585E-03,-21.532643586E-03
+3.440000E-06,-42.876884341E-03,-5.452241749E-03
+3.445000E-06,-11.721105780E-03,-21.532643586E-03
+3.450000E-06,-41.369346669E-03,-13.492442667E-03
+3.455000E-06,-19.761306699E-03,-21.532643586E-03
+3.460000E-06,-34.836683422E-03,-13.492442667E-03
+3.465000E-06,-19.761306699E-03,-21.532643586E-03
+3.470000E-06,-25.288944831E-03,-21.030131029E-03
+3.475000E-06,-19.761306699E-03,-21.532643586E-03
+3.480000E-06,-25.288944831E-03,-21.030131029E-03
+3.485000E-06,-19.761306699E-03,-13.492442667E-03
+3.490000E-06,-17.248743912E-03,-21.532643586E-03
+3.495000E-06,-26.796482503E-03,-13.492442667E-03
+3.500000E-06,-10.716080666E-03,-21.532643586E-03
+3.505000E-06,-26.796482503E-03,-13.492442667E-03
+3.510000E-06,-2.675879747E-03,-21.532643586E-03
+3.515000E-06,-34.836683422E-03,-13.492442667E-03
+3.520000E-06,-10.716080666E-03,-21.532643586E-03
+3.525000E-06,-26.796482503E-03,-5.452241749E-03
+3.530000E-06,-2.675879747E-03,-13.492442667E-03
+3.535000E-06,-33.329145750E-03,-5.452241749E-03
+3.540000E-06,-2.675879747E-03,-13.492442667E-03
+3.545000E-06,-25.288944831E-03,-5.452241749E-03
+3.550000E-06,-3.680904862E-03,-13.492442667E-03
+3.555000E-06,-17.248743912E-03,-5.452241749E-03
+3.560000E-06,-3.680904862E-03,-5.452241749E-03
+3.565000E-06,-10.716080666E-03,-5.452241749E-03
+3.570000E-06,-3.680904862E-03,-5.452241749E-03
+3.575000E-06,-9.208542993E-03,-5.452241749E-03
+3.580000E-06,-11.721105780E-03,-5.452241749E-03
+3.585000E-06,-2.675879747E-03,-5.452241749E-03
+3.590000E-06,-18.756281585E-03,-5.452241749E-03
+3.595000E-06,-1.168342074E-03,-13.492442667E-03
+3.600000E-06,-19.761306699E-03,+2.587959170E-03
+3.605000E-06,-1.168342074E-03,-13.492442667E-03
+3.610000E-06,-26.796482503E-03,-5.452241749E-03
+3.615000E-06,-2.675879747E-03,-21.030131029E-03
+3.620000E-06,-25.288944831E-03,-13.492442667E-03
+3.625000E-06,-2.675879747E-03,-21.532643586E-03
+3.630000E-06,-25.288944831E-03,-13.492442667E-03
+3.635000E-06,-3.680904862E-03,-21.532643586E-03
+3.640000E-06,-25.288944831E-03,-13.492442667E-03
+3.645000E-06,-10.716080666E-03,-21.532643586E-03
+3.650000E-06,-18.756281585E-03,-21.030131029E-03
+3.655000E-06,-11.721105780E-03,-21.532643586E-03
+3.660000E-06,-17.248743912E-03,-13.492442667E-03
+3.665000E-06,-19.761306699E-03,-13.492442667E-03
+3.670000E-06,-9.208542993E-03,-21.532643586E-03
+3.675000E-06,-26.796482503E-03,-13.492442667E-03
+3.680000E-06,-9.208542993E-03,-21.532643586E-03
+3.685000E-06,-27.801507618E-03,-13.492442667E-03
+3.690000E-06,-2.675879747E-03,-21.532643586E-03
+3.695000E-06,-34.836683422E-03,-13.492442667E-03
+3.700000E-06,-10.716080666E-03,-21.532643586E-03
+3.705000E-06,-34.836683422E-03,-5.452241749E-03
+3.710000E-06,-3.680904862E-03,-21.532643586E-03
+3.715000E-06,-33.329145750E-03,-12.989930110E-03
+3.720000E-06,-11.721105780E-03,-13.492442667E-03
+3.725000E-06,-25.288944831E-03,-12.989930110E-03
+3.730000E-06,-11.721105780E-03,-13.492442667E-03
+3.735000E-06,-25.288944831E-03,-12.989930110E-03
+3.740000E-06,-11.721105780E-03,-13.492442667E-03
+3.745000E-06,-17.248743912E-03,-21.030131029E-03
+3.750000E-06,-11.721105780E-03,-13.492442667E-03
+3.755000E-06,-9.208542993E-03,-21.030131029E-03
+3.760000E-06,-11.721105780E-03,-5.452241749E-03
+3.765000E-06,-1.168342074E-03,-21.532643586E-03
+3.770000E-06,-18.756281585E-03,-5.452241749E-03
+3.775000E-06,-2.675879747E-03,-21.030131029E-03
+3.780000E-06,-18.756281585E-03,-5.452241749E-03
+3.785000E-06,+5.364321172E-03,-13.492442667E-03
+3.790000E-06,-18.756281585E-03,-5.452241749E-03
+3.795000E-06,+5.364321172E-03,-13.492442667E-03
+3.800000E-06,-25.288944831E-03,-5.452241749E-03
+3.805000E-06,+4.359296057E-03,-13.492442667E-03
+3.810000E-06,-17.248743912E-03,-5.452241749E-03
+3.815000E-06,-3.680904862E-03,-5.452241749E-03
+3.820000E-06,-17.248743912E-03,-5.452241749E-03
+3.825000E-06,-3.680904862E-03,-5.452241749E-03
+3.830000E-06,-9.208542993E-03,-12.989930110E-03
+3.835000E-06,-10.716080666E-03,-5.452241749E-03
+3.840000E-06,-9.208542993E-03,-12.989930110E-03
+3.845000E-06,-19.761306699E-03,-13.492442667E-03
+3.850000E-06,-9.208542993E-03,-21.532643586E-03
+3.855000E-06,-26.796482503E-03,-13.492442667E-03
+3.860000E-06,-9.208542993E-03,-21.532643586E-03
+3.865000E-06,-27.801507618E-03,-13.492442667E-03
+3.870000E-06,-2.675879747E-03,-21.532643586E-03
+3.875000E-06,-34.836683422E-03,-13.492442667E-03
+3.880000E-06,-10.716080666E-03,-21.532643586E-03
+3.885000E-06,-26.796482503E-03,-13.492442667E-03
+3.890000E-06,-3.680904862E-03,-21.532643586E-03
+3.895000E-06,-33.329145750E-03,-13.492442667E-03
+3.900000E-06,-10.716080666E-03,-21.532643586E-03
+3.905000E-06,-25.288944831E-03,-13.492442667E-03
+3.910000E-06,-11.721105780E-03,-13.492442667E-03
+3.915000E-06,-25.288944831E-03,-21.030131029E-03
+3.920000E-06,-11.721105780E-03,-13.492442667E-03
+3.925000E-06,-17.248743912E-03,-21.030131029E-03
+3.930000E-06,-19.761306699E-03,-5.452241749E-03
+3.935000E-06,-17.248743912E-03,-21.030131029E-03
+3.940000E-06,-26.796482503E-03,-5.452241749E-03
+3.945000E-06,-9.208542993E-03,-13.492442667E-03
+3.950000E-06,-34.836683422E-03,-5.452241749E-03
+3.955000E-06,-2.675879747E-03,-21.030131029E-03
+3.960000E-06,-27.801507618E-03,-5.452241749E-03
+3.965000E-06,-2.675879747E-03,-21.532643586E-03
+3.970000E-06,-25.288944831E-03,-13.492442667E-03
+3.975000E-06,-2.675879747E-03,-21.030131029E-03
+3.980000E-06,-18.756281585E-03,-13.492442667E-03
+3.985000E-06,+4.359296057E-03,-13.492442667E-03
+3.990000E-06,-9.208542993E-03,-13.492442667E-03
+3.995000E-06,+4.359296057E-03,-21.532643586E-03
+4.000000E-06,-17.248743912E-03,-13.492442667E-03
+4.005000E-06,-3.680904862E-03,-21.532643586E-03
+4.010000E-06,-9.208542993E-03,-21.532643586E-03
+4.015000E-06,-3.680904862E-03,-13.492442667E-03
+4.020000E-06,-1.168342074E-03,-21.532643586E-03
+4.025000E-06,-10.716080666E-03,-13.492442667E-03
+4.030000E-06,-1.168342074E-03,-21.030131029E-03
+4.035000E-06,-18.756281585E-03,-5.452241749E-03
+4.040000E-06,-2.675879747E-03,-12.989930110E-03
+4.045000E-06,-19.761306699E-03,+2.587959170E-03
+4.050000E-06,+5.364321172E-03,-5.452241749E-03
+4.055000E-06,-26.796482503E-03,+2.587959170E-03
+4.060000E-06,+4.359296057E-03,-5.452241749E-03
+4.065000E-06,-26.796482503E-03,+2.587959170E-03
+4.070000E-06,-10.716080666E-03,+2.587959170E-03
+4.075000E-06,-33.329145750E-03,-4.949729191E-03
+4.080000E-06,-11.721105780E-03,-5.452241749E-03
+4.085000E-06,-25.288944831E-03,-12.989930110E-03
+4.090000E-06,-18.756281585E-03,-5.452241749E-03
+4.095000E-06,-25.288944831E-03,-21.532643586E-03
+4.100000E-06,-19.761306699E-03,-21.532643586E-03
+4.105000E-06,-18.756281585E-03,-29.572844505E-03
+4.110000E-06,-27.801507618E-03,-21.532643586E-03
+4.115000E-06,-10.716080666E-03,-37.110532867E-03
+4.120000E-06,-26.796482503E-03,-29.572844505E-03
+4.125000E-06,-9.208542993E-03,-37.613045424E-03
+4.130000E-06,-26.796482503E-03,-29.572844505E-03
+4.135000E-06,-2.675879747E-03,-45.150733786E-03
+4.140000E-06,-26.796482503E-03,-29.572844505E-03
+4.145000E-06,-2.675879747E-03,-37.613045424E-03
+4.150000E-06,-33.329145750E-03,-29.572844505E-03
+4.155000E-06,-3.680904862E-03,-37.613045424E-03
+4.160000E-06,-25.288944831E-03,-21.532643586E-03
+4.165000E-06,-11.721105780E-03,-21.532643586E-03
+4.170000E-06,-33.329145750E-03,-21.532643586E-03
+4.175000E-06,-26.796482503E-03,-13.492442667E-03
+4.180000E-06,-33.329145750E-03,-13.492442667E-03
+4.185000E-06,-27.801507618E-03,-5.452241749E-03
+4.190000E-06,-33.329145750E-03,-13.492442667E-03
+4.195000E-06,-35.841708537E-03,-5.452241749E-03
+4.200000E-06,-25.288944831E-03,-5.452241749E-03
+4.205000E-06,-34.836683422E-03,+2.587959170E-03
+4.210000E-06,-10.716080666E-03,-12.989930110E-03
+4.215000E-06,-26.796482503E-03,+2.587959170E-03
+4.220000E-06,-2.675879747E-03,-13.492442667E-03
+4.225000E-06,-18.756281585E-03,-5.452241749E-03
+4.230000E-06,+13.404522091E-03,-21.532643586E-03
+4.235000E-06,-2.675879747E-03,-13.492442667E-03
+4.240000E-06,+28.479898814E-03,-21.532643586E-03
+4.245000E-06,+13.404522091E-03,-13.492442667E-03
+4.250000E-06,+37.525124848E-03,-21.532643586E-03
+4.255000E-06,+22.952260682E-03,-13.492442667E-03
+4.260000E-06,+44.560300652E-03,-13.492442667E-03
+4.265000E-06,+45.565325767E-03,-12.989930110E-03
+4.270000E-06,+53.605526686E-03,-5.452241749E-03
+4.275000E-06,+55.113064358E-03,-5.452241749E-03
+4.280000E-06,+60.640702490E-03,+10.628160089E-03
+4.285000E-06,+63.153265277E-03,+2.587959170E-03
+4.290000E-06,+53.605526686E-03,+18.668361008E-03
+4.295000E-06,+63.153265277E-03,+11.130672647E-03
+4.300000E-06,+60.640702490E-03,+26.708561927E-03
+4.305000E-06,+71.193466196E-03,+18.668361008E-03
+4.310000E-06,+52.600501571E-03,+26.708561927E-03
+4.315000E-06,+71.193466196E-03,+19.170873566E-03
+4.320000E-06,+45.565325767E-03,+34.748762846E-03
+4.325000E-06,+61.645727605E-03,+26.708561927E-03
+4.330000E-06,+45.565325767E-03,+34.748762846E-03
+4.335000E-06,+53.605526686E-03,+26.708561927E-03
+4.340000E-06,+39.032662520E-03,+26.708561927E-03
+4.345000E-06,+45.565325767E-03,+26.708561927E-03
+4.350000E-06,+30.992461601E-03,+19.170873566E-03
+4.355000E-06,+36.520099733E-03,+18.668361008E-03
+4.360000E-06,+22.952260682E-03,+10.628160089E-03
+4.365000E-06,+20.439697895E-03,+10.628160089E-03
+4.370000E-06,+14.912059763E-03,-4.949729191E-03
+4.375000E-06,+5.364321172E-03,+2.587959170E-03
+4.380000E-06,+14.912059763E-03,-13.492442667E-03
+4.385000E-06,-10.716080666E-03,-5.452241749E-03
+4.390000E-06,+6.871858845E-03,-13.492442667E-03
+4.395000E-06,-10.716080666E-03,-13.492442667E-03
+4.400000E-06,+5.364321172E-03,-29.572844505E-03
+4.405000E-06,-17.248743912E-03,-21.532643586E-03
+4.410000E-06,+12.399496976E-03,-29.572844505E-03
+4.415000E-06,-17.248743912E-03,-29.070331948E-03
+4.420000E-06,+4.359296057E-03,-37.613045424E-03
+4.425000E-06,-17.248743912E-03,-37.613045424E-03
+4.430000E-06,+4.359296057E-03,-45.653246343E-03
+4.435000E-06,-9.208542993E-03,-45.150733786E-03
+4.440000E-06,-3.680904862E-03,-37.613045424E-03
+4.445000E-06,-9.208542993E-03,-45.150733786E-03
+4.450000E-06,+2.851758385E-03,-45.653246343E-03
+4.455000E-06,-1.168342074E-03,-45.653246343E-03
+4.460000E-06,-3.680904862E-03,-37.613045424E-03
+4.465000E-06,+5.364321172E-03,-45.653246343E-03
+4.470000E-06,-11.721105780E-03,-37.613045424E-03
+4.475000E-06,+5.364321172E-03,-37.613045424E-03
+4.480000E-06,-19.761306699E-03,-29.572844505E-03
+4.485000E-06,+5.364321172E-03,-37.613045424E-03
+4.490000E-06,-18.756281585E-03,-21.532643586E-03
+4.495000E-06,-2.675879747E-03,-29.572844505E-03
+4.500000E-06,-26.796482503E-03,-21.532643586E-03
+4.505000E-06,-2.675879747E-03,-21.532643586E-03
+4.510000E-06,-26.796482503E-03,-21.030131029E-03
+4.515000E-06,-10.716080666E-03,-21.532643586E-03
+4.520000E-06,-25.288944831E-03,-13.492442667E-03
+4.525000E-06,-18.756281585E-03,-21.532643586E-03
+4.530000E-06,-25.288944831E-03,-21.532643586E-03
+4.535000E-06,-19.761306699E-03,-13.492442667E-03
+4.540000E-06,-17.248743912E-03,-21.532643586E-03
+4.545000E-06,-21.268844372E-03,-21.532643586E-03
+4.550000E-06,-9.208542993E-03,-29.070331948E-03
+4.555000E-06,-27.801507618E-03,-21.532643586E-03
+4.560000E-06,-17.248743912E-03,-29.070331948E-03
+4.565000E-06,-34.836683422E-03,-13.492442667E-03
+4.570000E-06,-10.716080666E-03,-29.572844505E-03
+4.575000E-06,-42.876884341E-03,-21.030131029E-03
+4.580000E-06,-18.756281585E-03,-21.532643586E-03
+4.585000E-06,-42.876884341E-03,-13.492442667E-03
+4.590000E-06,-11.721105780E-03,-21.532643586E-03
+4.595000E-06,-34.836683422E-03,-21.532643586E-03
+4.600000E-06,-11.721105780E-03,-21.532643586E-03
+4.605000E-06,-33.329145750E-03,-21.532643586E-03
+4.610000E-06,-11.721105780E-03,-21.532643586E-03
+4.615000E-06,-33.329145750E-03,-21.030131029E-03
+4.620000E-06,-19.761306699E-03,-13.492442667E-03
+4.625000E-06,-25.288944831E-03,-21.532643586E-03
+4.630000E-06,-27.801507618E-03,-13.492442667E-03
+4.635000E-06,-18.756281585E-03,-29.070331948E-03
+4.640000E-06,-27.801507618E-03,-13.492442667E-03
+4.645000E-06,-17.248743912E-03,-29.070331948E-03
+4.650000E-06,-27.801507618E-03,-13.492442667E-03
+4.655000E-06,-9.208542993E-03,-21.532643586E-03
+4.660000E-06,-27.801507618E-03,-13.492442667E-03
+4.665000E-06,-3.680904862E-03,-21.532643586E-03
+4.670000E-06,-26.796482503E-03,-13.492442667E-03
+4.675000E-06,-3.680904862E-03,-21.532643586E-03
+4.680000E-06,-26.796482503E-03,-5.452241749E-03
+4.685000E-06,-3.680904862E-03,-13.492442667E-03
+4.690000E-06,-26.796482503E-03,-12.989930110E-03
+4.695000E-06,-18.756281585E-03,-13.492442667E-03
+4.700000E-06,-25.288944831E-03,-12.989930110E-03
+4.705000E-06,-19.761306699E-03,-5.452241749E-03
+4.710000E-06,-25.288944831E-03,-12.989930110E-03
+4.715000E-06,-19.761306699E-03,-13.492442667E-03
+4.720000E-06,-18.756281585E-03,-12.989930110E-03
+4.725000E-06,-26.796482503E-03,-5.452241749E-03
+4.730000E-06,-17.248743912E-03,-21.030131029E-03
+4.735000E-06,-34.836683422E-03,-5.452241749E-03
+4.740000E-06,-17.248743912E-03,-13.492442667E-03
+4.745000E-06,-34.836683422E-03,+2.587959170E-03
+4.750000E-06,-18.756281585E-03,-13.492442667E-03
+4.755000E-06,-42.876884341E-03,-5.452241749E-03
+4.760000E-06,-18.756281585E-03,-13.492442667E-03
+4.765000E-06,-41.369346669E-03,-5.452241749E-03
+4.770000E-06,-18.756281585E-03,-13.492442667E-03
+4.775000E-06,-41.369346669E-03,-12.989930110E-03
+4.780000E-06,-19.761306699E-03,-13.492442667E-03
+4.785000E-06,-34.836683422E-03,-13.492442667E-03
+4.790000E-06,-19.761306699E-03,-13.492442667E-03
+4.795000E-06,-25.288944831E-03,-21.030131029E-03
+4.800000E-06,-27.801507618E-03,-13.492442667E-03
+4.805000E-06,-25.288944831E-03,-21.532643586E-03
+4.810000E-06,-27.801507618E-03,-13.492442667E-03
+4.815000E-06,-17.248743912E-03,-21.532643586E-03
+4.820000E-06,-27.801507618E-03,-13.492442667E-03
+4.825000E-06,-10.716080666E-03,-21.532643586E-03
+4.830000E-06,-34.836683422E-03,-13.492442667E-03
+4.835000E-06,-10.716080666E-03,-21.532643586E-03
+4.840000E-06,-42.876884341E-03,-13.492442667E-03
+4.845000E-06,-10.716080666E-03,-21.532643586E-03
+4.850000E-06,-34.836683422E-03,-13.492442667E-03
+4.855000E-06,-18.756281585E-03,-21.532643586E-03
+4.860000E-06,-34.836683422E-03,-13.492442667E-03
+4.865000E-06,-18.756281585E-03,-21.532643586E-03
+4.870000E-06,-33.329145750E-03,-13.492442667E-03
+4.875000E-06,-11.721105780E-03,-13.492442667E-03
+4.880000E-06,-25.288944831E-03,-13.492442667E-03
+4.885000E-06,-19.761306699E-03,-13.492442667E-03
+4.890000E-06,-17.248743912E-03,-13.492442667E-03
+4.895000E-06,-26.796482503E-03,-5.452241749E-03
+4.900000E-06,-17.248743912E-03,-13.492442667E-03
+4.905000E-06,-27.801507618E-03,-5.452241749E-03
+4.910000E-06,-9.208542993E-03,-13.492442667E-03
+4.915000E-06,-26.796482503E-03,+2.587959170E-03
+4.920000E-06,-10.716080666E-03,-5.452241749E-03
+4.925000E-06,-26.796482503E-03,-4.949729191E-03
+4.930000E-06,-10.716080666E-03,-13.492442667E-03
+4.935000E-06,-33.329145750E-03,+2.587959170E-03
+4.940000E-06,-10.716080666E-03,-13.492442667E-03
+4.945000E-06,-34.836683422E-03,-5.452241749E-03
+4.950000E-06,-10.716080666E-03,-13.492442667E-03
+4.955000E-06,-33.329145750E-03,-12.989930110E-03
+4.960000E-06,-11.721105780E-03,-13.492442667E-03
+4.965000E-06,-26.796482503E-03,-21.030131029E-03
+4.970000E-06,-19.761306699E-03,-13.492442667E-03
+4.975000E-06,-25.288944831E-03,-13.492442667E-03
+4.980000E-06,-27.801507618E-03,-5.452241749E-03
+4.985000E-06,-25.288944831E-03,-13.492442667E-03
+4.990000E-06,-34.836683422E-03,-13.492442667E-03
+4.995000E-06,-17.248743912E-03,-21.030131029E-03
+5.000000E-06,-35.841708537E-03,-5.452241749E-03
+5.005000E-06,-17.248743912E-03,-21.532643586E-03
+5.010000E-06,-34.836683422E-03,-5.452241749E-03
+5.015000E-06,-10.716080666E-03,-21.532643586E-03
+5.020000E-06,-34.836683422E-03,-13.492442667E-03
+5.025000E-06,-11.721105780E-03,-21.532643586E-03
+5.030000E-06,-34.836683422E-03,-13.492442667E-03
+5.035000E-06,-11.721105780E-03,-29.572844505E-03
+5.040000E-06,-33.329145750E-03,-21.532643586E-03
+5.045000E-06,-11.721105780E-03,-29.572844505E-03
+5.050000E-06,-25.288944831E-03,-29.572844505E-03
+5.055000E-06,-19.761306699E-03,-21.532643586E-03
+5.060000E-06,-25.288944831E-03,-29.070331948E-03
+5.065000E-06,-19.761306699E-03,-21.532643586E-03
+5.070000E-06,-17.248743912E-03,-21.532643586E-03
+5.075000E-06,-19.761306699E-03,-13.492442667E-03
+5.080000E-06,-17.248743912E-03,-21.532643586E-03
+5.085000E-06,-26.796482503E-03,-13.492442667E-03
+5.090000E-06,-10.716080666E-03,-21.532643586E-03
+5.095000E-06,-34.836683422E-03,-5.452241749E-03
+5.100000E-06,-10.716080666E-03,-13.492442667E-03
+5.105000E-06,-42.876884341E-03,-5.452241749E-03
+5.110000E-06,-11.721105780E-03,-13.492442667E-03
+5.115000E-06,-34.836683422E-03,-4.949729191E-03
+5.120000E-06,-10.716080666E-03,-5.452241749E-03
+5.125000E-06,-26.796482503E-03,+2.587959170E-03
+5.130000E-06,-10.716080666E-03,-5.452241749E-03
+5.135000E-06,-25.288944831E-03,-5.452241749E-03
+5.140000E-06,-11.721105780E-03,-5.452241749E-03
+5.145000E-06,-17.248743912E-03,-5.452241749E-03
+5.150000E-06,-11.721105780E-03,-5.452241749E-03
+5.155000E-06,-17.248743912E-03,-13.492442667E-03
+5.160000E-06,-19.761306699E-03,-5.452241749E-03
+5.165000E-06,-9.208542993E-03,-13.492442667E-03
+5.170000E-06,-26.796482503E-03,-5.452241749E-03
+5.175000E-06,-17.248743912E-03,-21.030131029E-03
+5.180000E-06,-27.801507618E-03,-5.452241749E-03
+5.185000E-06,-10.716080666E-03,-21.532643586E-03
+5.190000E-06,-34.836683422E-03,-13.492442667E-03
+5.195000E-06,-10.716080666E-03,-21.532643586E-03
+5.200000E-06,-42.876884341E-03,-13.492442667E-03
+5.205000E-06,-11.721105780E-03,-21.532643586E-03
+5.210000E-06,-42.876884341E-03,-13.492442667E-03
+5.215000E-06,-19.761306699E-03,-13.492442667E-03
+5.220000E-06,-34.836683422E-03,-12.989930110E-03
+5.225000E-06,-27.801507618E-03,-13.492442667E-03
+5.230000E-06,-41.369346669E-03,-5.452241749E-03
+5.235000E-06,-27.801507618E-03,-5.452241749E-03
+5.240000E-06,-33.329145750E-03,-5.452241749E-03
+5.245000E-06,-34.836683422E-03,-5.452241749E-03
+5.250000E-06,-33.329145750E-03,-5.452241749E-03
+5.255000E-06,-35.841708537E-03,+2.587959170E-03
+5.260000E-06,-25.288944831E-03,-13.492442667E-03
+5.265000E-06,-34.836683422E-03,-5.452241749E-03
+5.270000E-06,-17.248743912E-03,-21.030131029E-03
+5.275000E-06,-34.836683422E-03,-13.492442667E-03
+5.280000E-06,-18.756281585E-03,-29.572844505E-03
+5.285000E-06,-34.836683422E-03,-21.532643586E-03
+5.290000E-06,-10.716080666E-03,-37.613045424E-03
+5.295000E-06,-33.329145750E-03,-37.110532867E-03
+5.300000E-06,-3.680904862E-03,-45.653246343E-03
+5.305000E-06,-26.796482503E-03,-45.653246343E-03
+5.310000E-06,-11.721105780E-03,-53.693447262E-03
+5.315000E-06,-33.329145750E-03,-61.231135624E-03
+5.320000E-06,-19.761306699E-03,-53.693447262E-03
+5.325000E-06,-25.288944831E-03,-61.733648181E-03
+5.330000E-06,-19.761306699E-03,-53.693447262E-03
+5.335000E-06,-25.288944831E-03,-61.231135624E-03
+5.340000E-06,-34.836683422E-03,-45.653246343E-03
+5.345000E-06,-18.756281585E-03,-53.693447262E-03
+5.350000E-06,-34.836683422E-03,-37.613045424E-03
+5.355000E-06,-18.756281585E-03,-45.653246343E-03
+5.360000E-06,-34.836683422E-03,-29.572844505E-03
+5.365000E-06,-9.208542993E-03,-37.613045424E-03
+5.370000E-06,-34.836683422E-03,-29.572844505E-03
+5.375000E-06,-10.716080666E-03,-29.572844505E-03
+5.380000E-06,-26.796482503E-03,-21.532643586E-03
+5.385000E-06,-3.680904862E-03,-21.532643586E-03
+5.390000E-06,-18.756281585E-03,-12.989930110E-03
+5.395000E-06,-2.675879747E-03,-21.532643586E-03
+5.400000E-06,-10.716080666E-03,-4.949729191E-03
+5.405000E-06,-3.680904862E-03,-5.452241749E-03
+5.410000E-06,-9.208542993E-03,+2.587959170E-03
+5.415000E-06,-3.680904862E-03,+10.628160089E-03
+5.420000E-06,-1.168342074E-03,+3.090471728E-03
+5.425000E-06,-3.680904862E-03,+18.668361008E-03
+5.430000E-06,-1.168342074E-03,+10.628160089E-03
+5.435000E-06,-10.716080666E-03,+18.668361008E-03
+5.440000E-06,-1.168342074E-03,+18.668361008E-03
+5.445000E-06,-18.756281585E-03,+18.668361008E-03
+5.450000E-06,+5.364321172E-03,+10.628160089E-03
+5.455000E-06,-25.288944831E-03,+26.708561927E-03
+5.460000E-06,-2.675879747E-03,+10.628160089E-03
+5.465000E-06,-25.288944831E-03,+18.668361008E-03
+5.470000E-06,-2.675879747E-03,+2.587959170E-03
+5.475000E-06,-33.329145750E-03,+10.628160089E-03
+5.480000E-06,-11.721105780E-03,+2.587959170E-03
+5.485000E-06,-25.288944831E-03,+2.587959170E-03
+5.490000E-06,-18.756281585E-03,-5.452241749E-03
+5.495000E-06,-26.796482503E-03,-5.452241749E-03
+5.500000E-06,-19.761306699E-03,-5.452241749E-03
+5.505000E-06,-25.288944831E-03,-13.492442667E-03
+5.510000E-06,-27.801507618E-03,-5.452241749E-03
+5.515000E-06,-25.288944831E-03,-13.492442667E-03
+5.520000E-06,-35.841708537E-03,-5.452241749E-03
+5.525000E-06,-25.288944831E-03,-13.492442667E-03
+5.530000E-06,-42.876884341E-03,-5.452241749E-03
+5.535000E-06,-25.288944831E-03,-13.492442667E-03
+5.540000E-06,-42.876884341E-03,-5.452241749E-03
+5.545000E-06,-18.756281585E-03,-13.492442667E-03
+5.550000E-06,-49.409547588E-03,+2.587959170E-03
+5.555000E-06,-26.796482503E-03,-13.492442667E-03
+5.560000E-06,-42.876884341E-03,+2.587959170E-03
+5.565000E-06,-19.761306699E-03,-5.452241749E-03
+5.570000E-06,-41.369346669E-03,+2.587959170E-03
+5.575000E-06,-26.796482503E-03,-5.452241749E-03
+5.580000E-06,-34.836683422E-03,-5.452241749E-03
+5.585000E-06,-27.801507618E-03,+2.587959170E-03
+5.590000E-06,-25.288944831E-03,-12.989930110E-03
+5.595000E-06,-27.801507618E-03,-5.452241749E-03
+5.600000E-06,-25.288944831E-03,-5.452241749E-03
+5.605000E-06,-35.841708537E-03,-5.452241749E-03
+5.610000E-06,-17.248743912E-03,-13.492442667E-03
+5.615000E-06,-35.841708537E-03,-5.452241749E-03
+5.620000E-06,-10.716080666E-03,-13.492442667E-03
+5.625000E-06,-35.841708537E-03,+2.587959170E-03
+5.630000E-06,-18.756281585E-03,-13.492442667E-03
+5.635000E-06,-41.369346669E-03,-4.949729191E-03
+5.640000E-06,-11.721105780E-03,-13.492442667E-03
+5.645000E-06,-41.369346669E-03,-4.949729191E-03
+5.650000E-06,-11.721105780E-03,-5.452241749E-03
+5.655000E-06,-41.369346669E-03,-5.452241749E-03
+5.660000E-06,-19.761306699E-03,-13.492442667E-03
+5.665000E-06,-34.836683422E-03,-5.452241749E-03
+5.670000E-06,-19.761306699E-03,-13.492442667E-03
+5.675000E-06,-33.329145750E-03,-13.492442667E-03
+5.680000E-06,-27.801507618E-03,-5.452241749E-03
+5.685000E-06,-25.288944831E-03,-21.532643586E-03
+5.690000E-06,-27.801507618E-03,-13.492442667E-03
+5.695000E-06,-25.288944831E-03,-21.030131029E-03
+5.700000E-06,-35.841708537E-03,-13.492442667E-03
+5.705000E-06,-18.756281585E-03,-21.532643586E-03
+5.710000E-06,-34.836683422E-03,-13.492442667E-03
+5.715000E-06,-18.756281585E-03,-29.572844505E-03
+5.720000E-06,-34.836683422E-03,-13.492442667E-03
+5.725000E-06,-11.721105780E-03,-21.532643586E-03
+5.730000E-06,-34.836683422E-03,-13.492442667E-03
+5.735000E-06,-18.756281585E-03,-21.532643586E-03
+5.740000E-06,-34.836683422E-03,-13.492442667E-03
+5.745000E-06,-19.761306699E-03,-21.532643586E-03
+5.750000E-06,-33.329145750E-03,-21.030131029E-03
+5.755000E-06,-19.761306699E-03,-13.492442667E-03
+5.760000E-06,-33.329145750E-03,-13.492442667E-03
+5.765000E-06,-19.761306699E-03,-5.452241749E-03
+5.770000E-06,-25.288944831E-03,-13.492442667E-03
+5.775000E-06,-27.801507618E-03,-5.452241749E-03
+5.780000E-06,-17.248743912E-03,-21.030131029E-03
+5.785000E-06,-27.801507618E-03,-5.452241749E-03
+5.790000E-06,-10.716080666E-03,-13.492442667E-03
+5.795000E-06,-34.836683422E-03,-5.452241749E-03
+5.800000E-06,-10.716080666E-03,-13.492442667E-03
+5.805000E-06,-34.836683422E-03,-5.452241749E-03
+5.810000E-06,-10.716080666E-03,-13.492442667E-03
+5.815000E-06,-42.876884341E-03,-5.452241749E-03
+5.820000E-06,-10.716080666E-03,-13.492442667E-03
+5.825000E-06,-34.836683422E-03,-5.452241749E-03
+5.830000E-06,-11.721105780E-03,-13.492442667E-03
+5.835000E-06,-33.329145750E-03,-12.989930110E-03
+5.840000E-06,-11.721105780E-03,-5.452241749E-03
+5.845000E-06,-25.288944831E-03,-13.492442667E-03
+5.850000E-06,-19.761306699E-03,-13.492442667E-03
+5.855000E-06,-23.781407159E-03,-21.030131029E-03
+5.860000E-06,-19.761306699E-03,-13.492442667E-03
+5.865000E-06,-17.248743912E-03,-21.532643586E-03
+5.870000E-06,-26.796482503E-03,-13.492442667E-03
+5.875000E-06,-17.248743912E-03,-21.532643586E-03
+5.880000E-06,-34.836683422E-03,-5.452241749E-03
+5.885000E-06,-10.716080666E-03,-21.030131029E-03
+5.890000E-06,-34.836683422E-03,-5.452241749E-03
+5.895000E-06,-10.716080666E-03,-13.492442667E-03
+5.900000E-06,-34.836683422E-03,-12.989930110E-03
+5.905000E-06,-10.716080666E-03,-21.532643586E-03
+5.910000E-06,-34.836683422E-03,-12.989930110E-03
+5.915000E-06,-19.761306699E-03,-21.532643586E-03
+5.920000E-06,-33.329145750E-03,-13.492442667E-03
+5.925000E-06,-19.761306699E-03,-21.532643586E-03
+5.930000E-06,-25.288944831E-03,-21.532643586E-03
+5.935000E-06,-19.761306699E-03,-13.492442667E-03
+5.940000E-06,-25.288944831E-03,-21.030131029E-03
+5.945000E-06,-27.801507618E-03,-13.492442667E-03
+5.950000E-06,-23.781407159E-03,-21.030131029E-03
+5.955000E-06,-27.801507618E-03,-13.492442667E-03
+5.960000E-06,-18.756281585E-03,-21.532643586E-03
+5.965000E-06,-34.836683422E-03,-13.492442667E-03
+5.970000E-06,-18.756281585E-03,-21.532643586E-03
+5.975000E-06,-35.841708537E-03,-13.492442667E-03
+5.980000E-06,-10.716080666E-03,-21.532643586E-03
+5.985000E-06,-34.836683422E-03,-5.452241749E-03
+5.990000E-06,-10.716080666E-03,-21.532643586E-03
+5.995000E-06,-34.836683422E-03,-12.989930110E-03
+6.000000E-06,-10.716080666E-03,-13.492442667E-03
+6.005000E-06,-26.796482503E-03,-5.452241749E-03
+6.010000E-06,-11.721105780E-03,-13.492442667E-03
+6.015000E-06,-25.288944831E-03,-5.452241749E-03
+6.020000E-06,-19.761306699E-03,-13.492442667E-03
+6.025000E-06,-25.288944831E-03,-5.452241749E-03
+6.030000E-06,-19.761306699E-03,-5.452241749E-03
+6.035000E-06,-17.248743912E-03,-13.492442667E-03
+6.040000E-06,-27.801507618E-03,-5.452241749E-03
+6.045000E-06,-17.248743912E-03,-13.492442667E-03
+6.050000E-06,-27.801507618E-03,-5.452241749E-03
+6.055000E-06,-17.248743912E-03,-13.492442667E-03
+6.060000E-06,-34.836683422E-03,-5.452241749E-03
+6.065000E-06,-10.716080666E-03,-21.532643586E-03
+6.070000E-06,-34.836683422E-03,-13.492442667E-03
+6.075000E-06,-3.680904862E-03,-21.532643586E-03
+6.080000E-06,-26.796482503E-03,-13.492442667E-03
+6.085000E-06,-3.680904862E-03,-21.532643586E-03
+6.090000E-06,-26.796482503E-03,-13.492442667E-03
+6.095000E-06,-11.721105780E-03,-13.492442667E-03
+6.100000E-06,-25.288944831E-03,-13.492442667E-03
+6.105000E-06,-19.761306699E-03,-21.532643586E-03
+6.110000E-06,-25.288944831E-03,-21.030131029E-03
+6.115000E-06,-19.761306699E-03,-13.492442667E-03
+6.120000E-06,-25.288944831E-03,-13.492442667E-03
+6.125000E-06,-26.796482503E-03,-13.492442667E-03
+6.130000E-06,-25.288944831E-03,-21.532643586E-03
+6.135000E-06,-34.836683422E-03,-5.452241749E-03
+6.140000E-06,-17.248743912E-03,-21.030131029E-03
+6.145000E-06,-42.876884341E-03,-5.452241749E-03
+6.150000E-06,-18.756281585E-03,-21.030131029E-03
+6.155000E-06,-42.876884341E-03,-5.452241749E-03
+6.160000E-06,-18.756281585E-03,-13.492442667E-03
+6.165000E-06,-34.836683422E-03,-12.989930110E-03
+6.170000E-06,-11.721105780E-03,-13.492442667E-03
+6.175000E-06,-41.369346669E-03,-12.989930110E-03
+6.180000E-06,-11.721105780E-03,-13.492442667E-03
+6.185000E-06,-34.836683422E-03,-13.492442667E-03
+6.190000E-06,-18.756281585E-03,-21.532643586E-03
+6.195000E-06,-33.329145750E-03,-13.492442667E-03
+6.200000E-06,-19.761306699E-03,-13.492442667E-03
+6.205000E-06,-25.288944831E-03,-21.030131029E-03
+6.210000E-06,-19.761306699E-03,-13.492442667E-03
+6.215000E-06,-17.248743912E-03,-21.030131029E-03
+6.220000E-06,-19.761306699E-03,-13.492442667E-03
+6.225000E-06,-10.716080666E-03,-21.532643586E-03
+6.230000E-06,-26.796482503E-03,-13.492442667E-03
+6.235000E-06,-10.716080666E-03,-21.030131029E-03
+6.240000E-06,-27.801507618E-03,-5.452241749E-03
+6.245000E-06,-2.675879747E-03,-21.532643586E-03
+6.250000E-06,-26.796482503E-03,-5.452241749E-03
+6.255000E-06,-10.716080666E-03,-13.492442667E-03
+6.260000E-06,-33.329145750E-03,-5.452241749E-03
+6.265000E-06,-11.721105780E-03,-5.452241749E-03
+6.270000E-06,-33.329145750E-03,-5.452241749E-03
+6.275000E-06,-11.721105780E-03,-5.452241749E-03
+6.280000E-06,-26.796482503E-03,-4.949729191E-03
+6.285000E-06,-18.756281585E-03,+2.587959170E-03
+6.290000E-06,-25.288944831E-03,-4.949729191E-03
+6.295000E-06,-26.796482503E-03,+2.587959170E-03
+6.300000E-06,-18.756281585E-03,-12.989930110E-03
+6.305000E-06,-26.796482503E-03,+2.587959170E-03
+6.310000E-06,-17.248743912E-03,-12.989930110E-03
+6.315000E-06,-27.801507618E-03,-5.452241749E-03
+6.320000E-06,-18.756281585E-03,-13.492442667E-03
+6.325000E-06,-34.836683422E-03,-5.452241749E-03
+6.330000E-06,-10.716080666E-03,-21.532643586E-03
+6.335000E-06,-34.836683422E-03,-13.492442667E-03
+6.340000E-06,-3.680904862E-03,-21.532643586E-03
+6.345000E-06,-34.836683422E-03,-13.492442667E-03
+6.350000E-06,-10.716080666E-03,-29.572844505E-03
+6.355000E-06,-33.329145750E-03,-21.030131029E-03
+6.360000E-06,-11.721105780E-03,-21.532643586E-03
+6.365000E-06,-25.288944831E-03,-21.030131029E-03
+6.370000E-06,-19.761306699E-03,-21.532643586E-03
+6.375000E-06,-33.329145750E-03,-21.030131029E-03
+6.380000E-06,-19.761306699E-03,-21.532643586E-03
+6.385000E-06,-25.288944831E-03,-21.030131029E-03
+6.390000E-06,-27.801507618E-03,-13.492442667E-03
+6.395000E-06,-25.288944831E-03,-21.532643586E-03
+6.400000E-06,-35.841708537E-03,-13.492442667E-03
+6.405000E-06,-25.288944831E-03,-21.532643586E-03
+6.410000E-06,-43.881909456E-03,-13.492442667E-03
+6.415000E-06,-26.796482503E-03,-21.532643586E-03
+6.420000E-06,-50.917085260E-03,-13.492442667E-03
+6.425000E-06,-26.796482503E-03,-21.532643586E-03
+6.430000E-06,-50.917085260E-03,-13.492442667E-03
+6.435000E-06,-27.801507618E-03,-21.532643586E-03
+6.440000E-06,-50.917085260E-03,-13.492442667E-03
+6.445000E-06,-27.801507618E-03,-21.532643586E-03
+6.450000E-06,-49.409547588E-03,-21.532643586E-03
+6.455000E-06,-34.836683422E-03,-21.532643586E-03
+6.460000E-06,-41.369346669E-03,-21.532643586E-03
+6.465000E-06,-35.841708537E-03,-21.532643586E-03
+6.470000E-06,-34.836683422E-03,-29.070331948E-03
+6.475000E-06,-35.841708537E-03,-21.532643586E-03
+6.480000E-06,-33.329145750E-03,-29.070331948E-03
+6.485000E-06,-35.841708537E-03,-21.532643586E-03
+6.490000E-06,-17.248743912E-03,-21.532643586E-03
+6.495000E-06,-42.876884341E-03,-13.492442667E-03
+6.500000E-06,-18.756281585E-03,-29.070331948E-03
+6.505000E-06,-34.836683422E-03,-13.492442667E-03
+6.510000E-06,-10.716080666E-03,-21.532643586E-03
+6.515000E-06,-26.796482503E-03,-13.492442667E-03
+6.520000E-06,-3.680904862E-03,-21.532643586E-03
+6.525000E-06,-26.796482503E-03,-5.452241749E-03
+6.530000E-06,-3.680904862E-03,-13.492442667E-03
+6.535000E-06,-25.288944831E-03,-5.452241749E-03
+6.540000E-06,-2.675879747E-03,-13.492442667E-03
+6.545000E-06,-18.756281585E-03,-5.452241749E-03
+6.550000E-06,-3.680904862E-03,-5.452241749E-03
+6.555000E-06,-9.208542993E-03,-5.452241749E-03
+6.560000E-06,-11.721105780E-03,+2.587959170E-03
+6.565000E-06,-9.208542993E-03,-5.452241749E-03
+6.570000E-06,-11.721105780E-03,+2.587959170E-03
+6.575000E-06,-9.208542993E-03,-5.452241749E-03
+6.580000E-06,-26.796482503E-03,+2.587959170E-03
+6.585000E-06,-9.208542993E-03,-5.452241749E-03
+6.590000E-06,-26.796482503E-03,+2.587959170E-03
+6.595000E-06,-2.675879747E-03,-5.452241749E-03
+6.600000E-06,-34.836683422E-03,+2.587959170E-03
+6.605000E-06,-10.716080666E-03,-5.452241749E-03
+6.610000E-06,-34.836683422E-03,-5.452241749E-03
+6.615000E-06,-10.716080666E-03,-13.492442667E-03
